"","timestamp","GPS.Fix.Attempt","GPS.Latitude","GPS.Longitude","GPS.Altitude","GPS.Speed","GPS.Heading","GPS.Horizontal.Error","GPS.Horizontal.Dilution","GPS.Satellite.Count","GPS.Navigation.Time","individual.local.identifier"
"1","2017-06-10 17:00:00","Succeeded (3D)",-21.594083,-53.739899,312,0.07,42.9,12.24,1.4,6,46,"1"
"2","2017-06-10 18:00:00","Succeeded (3D)",-21.594131,-53.739981,312,0.11,111.8,38.04,1.4,5,46,"1"
"3","2017-06-10 19:00:00","Succeeded (3D)",-21.593925,-53.739794,305,0.64,94.9,87.43,2.6,4,156,"1"
"4","2017-06-10 20:00:00","Resolved QFP",-21.594038,-53.739895,312,NA,NA,NA,1.9,6,180,"1"
"5","2017-06-10 21:00:00","Resolved QFP",-21.596969,-53.739843,-488,NA,NA,NA,17.4,5,180,"1"
"6","2017-06-10 22:00:00","Unresolved QFP",-21.592446,-53.742429,6,NA,NA,NA,25.5,4,180,"1"
"7","2017-06-10 23:00:00","Resolved QFP",-21.594035,-53.739873,322,NA,NA,NA,1.2,6,180,"1"
"8","2017-06-11 00:00:00","Resolved QFP",-21.593975,-53.739869,350,NA,NA,NA,1.8,6,180,"1"
"9","2017-06-11 01:00:00","Succeeded (3D)",-21.594086,-53.73985,301,0.33,355.1,73.94,2,4,144,"1"
"10","2017-06-11 02:00:00","Resolved QFP",-21.594064,-53.740004,288,NA,NA,NA,4.3,6,180,"1"
"11","2017-06-11 03:00:00","Unresolved QFP",-21.592505,-53.736108,18,NA,NA,NA,25.5,4,180,"1"
"12","2017-06-11 04:00:00","Resolved QFP",-21.593971,-53.739747,298,NA,NA,NA,4,5,180,"1"
"13","2017-06-11 05:00:00","Unresolved QFP",-21.596027,-53.74041,1,NA,NA,NA,25.5,4,180,"1"
"14","2017-06-11 06:00:00","Resolved QFP",-21.594124,-53.739853,305,NA,NA,NA,1,8,180,"1"
"15","2017-06-11 07:00:00","Resolved QFP",-21.594631,-53.738875,305,NA,NA,NA,5.1,6,180,"1"
"16","2017-06-11 08:00:00","Resolved QFP",-21.594089,-53.740457,514,NA,NA,NA,1.4,6,180,"1"
"17","2017-06-11 09:00:00","Resolved QFP",-21.59408,-53.739795,328,NA,NA,NA,1,8,180,"1"
"18","2017-06-11 10:00:00","Resolved QFP",-21.594116,-53.739891,325,NA,NA,NA,1.3,6,180,"1"
"19","2017-06-11 11:00:00","Resolved QFP",-21.594105,-53.739955,295,NA,NA,NA,1.7,6,180,"1"
"20","2017-06-11 12:00:00","Resolved QFP",-21.593922,-53.739866,436,NA,NA,NA,1.9,5,180,"1"
"21","2017-06-11 13:00:00","Succeeded (3D)",-21.594094,-53.739897,313,1.53,170.9,52.58,1.4,5,117,"1"
"22","2017-06-11 14:00:00","Succeeded (3D)",-21.594023,-53.739978,256,0.61,193.4,58.95,1.6,4,129,"1"
"23","2017-06-11 15:00:00","Succeeded (3D)",-21.594,-53.739964,327,0.76,284.8,49.36,2.4,4,125,"1"
"24","2017-06-11 16:00:00","Resolved QFP",-21.594507,-53.740632,340,NA,NA,NA,5.6,6,180,"1"
"25","2017-06-11 17:00:00","Resolved QFP",-21.594113,-53.739912,297,NA,NA,NA,2.9,6,180,"1"
"26","2017-06-11 18:00:00","Succeeded (3D)",-21.594107,-53.739855,261,0.75,208.8,62.57,1.6,5,46,"1"
"27","2017-06-11 19:00:00","Succeeded (3D)",-21.594064,-53.739954,315,0.13,117.4,80.31,3.6,4,65,"1"
"28","2017-06-11 20:00:00","Resolved QFP",-21.594197,-53.739739,274,NA,NA,NA,2.1,5,180,"1"
"29","2017-06-11 21:00:00","Resolved QFP",-21.59428,-53.739809,300,NA,NA,NA,18.7,5,180,"1"
"30","2017-06-11 22:00:00","Succeeded (3D)",-21.594194,-53.739777,317,0.94,93.5,76.37,2,4,46,"1"
"31","2017-06-11 23:00:00","Succeeded (3D)",-21.594068,-53.739899,318,1.9,189.1,56.08,1.4,5,175,"1"
"32","2017-06-12 00:00:00","Resolved QFP",-21.593912,-53.739937,395,NA,NA,NA,1.5,6,180,"1"
"33","2017-06-12 01:00:00","Succeeded (3D)",-21.594006,-53.73994,315,1.01,9.1,66.21,2,4,120,"1"
"34","2017-06-12 02:00:00","Succeeded (3D)",-21.593979,-53.739808,289,0.25,200.4,61.63,3.4,4,66,"1"
"35","2017-06-12 03:00:00","Succeeded (3D)",-21.593986,-53.73998,292,0.59,235.5,59.38,1.6,4,46,"1"
"36","2017-06-12 04:00:00","Unresolved QFP",-21.593689,-53.739544,7,NA,NA,NA,25.5,4,180,"1"
"37","2017-06-12 05:00:00","Unresolved QFP",-21.593676,-53.73912,1,NA,NA,NA,25.5,4,180,"1"
"38","2017-06-12 06:00:00","Succeeded (3D)",-21.59422,-53.740141,339,0.78,298.8,99.67,3.2,4,143,"1"
"39","2017-06-12 07:00:00","Unresolved QFP",-21.596245,-53.737813,8,NA,NA,NA,25.5,4,180,"1"
"40","2017-06-12 08:00:00","Unresolved QFP",-21.592823,-53.738808,1,NA,NA,NA,25.5,4,180,"1"
"41","2017-06-12 09:00:00","Succeeded (3D)",-21.594067,-53.739912,321,0.26,37.3,48.06,2,4,124,"1"
"42","2017-06-12 10:00:00","Resolved QFP",-21.594026,-53.739849,318,NA,NA,NA,1.9,5,180,"1"
"43","2017-06-12 11:00:00","Resolved QFP",-21.594007,-53.739996,368,NA,NA,NA,1.3,7,180,"1"
"44","2017-06-12 12:00:00","Resolved QFP",-21.593813,-53.740512,425,NA,NA,NA,6.2,5,180,"1"
"45","2017-06-12 13:00:00","Unresolved QFP",-21.592583,-53.738831,2,NA,NA,NA,25.5,4,180,"1"
"46","2017-06-12 14:00:00","Resolved QFP",-21.594196,-53.740097,274,NA,NA,NA,2.3,5,180,"1"
"47","2017-06-12 15:00:00","Resolved QFP",-21.594019,-53.739868,320,NA,NA,NA,1,8,180,"1"
"48","2017-06-12 16:00:00","Resolved QFP",-21.594063,-53.739958,321,NA,NA,NA,2.2,8,180,"1"
"49","2017-06-12 17:00:00","Resolved QFP",-21.594223,-53.73992,276,NA,NA,NA,1.6,7,180,"1"
"50","2017-06-12 18:00:00","Unresolved QFP",-21.5937,-53.738292,1,NA,NA,NA,25.5,4,180,"1"
"51","2017-06-12 19:00:00","Resolved QFP",-21.594057,-53.739944,327,NA,NA,NA,1.7,7,180,"1"
"52","2017-06-12 20:00:00","Resolved QFP",-21.593992,-53.739877,375,NA,NA,NA,1.5,7,180,"1"
"53","2017-06-12 21:00:00","Unresolved QFP",-21.595041,-53.73979,2,NA,NA,NA,25.5,4,180,"1"
"54","2017-06-12 22:00:00","Resolved QFP",-21.593587,-53.740522,238,NA,NA,NA,5.9,5,180,"1"
"55","2017-06-12 23:00:00","Unresolved QFP",-21.594018,-53.739684,1,NA,NA,NA,25.5,4,180,"1"
"56","2017-06-13 00:00:00","Resolved QFP",-21.594035,-53.739898,318,NA,NA,NA,1.3,6,180,"1"
"57","2017-06-13 01:00:00","Resolved QFP",-21.593863,-53.739909,314,NA,NA,NA,3,5,180,"1"
"58","2017-06-13 02:00:00","Unresolved QFP",-21.599433,-53.748097,258,NA,NA,NA,25.5,4,180,"1"
"59","2017-06-13 03:00:00","Resolved QFP",-21.594116,-53.7399,336,NA,NA,NA,2.2,5,180,"1"
"60","2017-06-13 04:00:00","Unresolved QFP",-21.596483,-53.739391,1,NA,NA,NA,25.5,4,180,"1"
"61","2017-06-13 05:00:00","Resolved QFP",-21.594706,-53.740547,553,NA,NA,NA,17.8,5,180,"1"
"62","2017-06-13 06:00:00","Resolved QFP",-21.594038,-53.739888,307,NA,NA,NA,5,6,180,"1"
"63","2017-06-13 07:00:00","Resolved QFP (Uncertain)",-21.591934,-53.741531,563,NA,NA,NA,25.5,5,180,"1"
"64","2017-06-13 08:00:00","Resolved QFP",-21.594084,-53.739859,303,NA,NA,NA,1.4,6,180,"1"
"65","2017-06-13 09:00:00","Resolved QFP",-21.594059,-53.739857,305,NA,NA,NA,1.5,5,180,"1"
"66","2017-06-13 10:00:00","Unresolved QFP",-21.593747,-53.738266,35,NA,NA,NA,25.5,4,180,"1"
"67","2017-06-13 11:00:00","Resolved QFP",-21.594046,-53.739797,280,NA,NA,NA,2.2,6,180,"1"
"68","2017-06-13 12:00:00","Resolved QFP",-21.593933,-53.739824,314,NA,NA,NA,1.8,5,180,"1"
"69","2017-06-13 13:00:00","Resolved QFP",-21.594105,-53.73988,331,NA,NA,NA,1.3,7,180,"1"
"70","2017-06-13 14:00:00","Resolved QFP",-21.594122,-53.739828,340,NA,NA,NA,1.6,5,180,"1"
"71","2017-06-13 15:00:00","Unresolved QFP",-21.593926,-53.739454,1,NA,NA,NA,25.5,4,180,"1"
"72","2017-06-13 16:00:00","Resolved QFP",-21.594197,-53.740055,323,NA,NA,NA,2.3,8,180,"1"
"73","2017-06-13 17:00:00","Resolved QFP",-21.594148,-53.739841,298,NA,NA,NA,1.5,7,180,"1"
"74","2017-06-13 18:00:00","Resolved QFP",-21.59422,-53.739606,209,NA,NA,NA,2.8,6,180,"1"
"75","2017-06-13 19:00:00","Resolved QFP",-21.594083,-53.739891,326,NA,NA,NA,1.8,6,180,"1"
"76","2017-06-13 20:00:00","Resolved QFP",-21.594101,-53.739816,296,NA,NA,NA,1.5,7,180,"1"
"77","2017-06-13 21:00:00","Unresolved QFP",-21.594647,-53.739307,2,NA,NA,NA,25.5,4,180,"1"
"78","2017-06-13 22:00:00","Resolved QFP",-21.594011,-53.739831,305,NA,NA,NA,6.2,5,180,"1"
"79","2017-06-13 23:00:00","Unresolved QFP",-21.594103,-53.738738,1,NA,NA,NA,25.5,4,180,"1"
"80","2017-06-14 00:00:00","Unresolved QFP",-21.601631,-53.745806,27,NA,NA,NA,25.5,4,180,"1"
"81","2017-06-14 01:00:00","Resolved QFP",-21.594297,-53.740063,325,NA,NA,NA,3,5,180,"1"
"82","2017-06-14 02:00:00","Resolved QFP",-21.594241,-53.740219,374,NA,NA,NA,3.8,6,180,"1"
"83","2017-06-14 03:00:00","Succeeded (3D)",-21.594012,-53.739933,320,0.49,47.1,46.14,1.8,4,145,"1"
"84","2017-06-14 04:00:00","Succeeded (3D)",-21.594042,-53.739965,313,0.48,51.3,51.68,1.8,5,108,"1"
"85","2017-06-14 05:00:00","Succeeded (3D)",-21.594186,-53.740015,314,1.26,329.8,55.14,1.8,4,70,"1"
"86","2017-06-14 06:00:00","Resolved QFP",-21.592876,-53.740731,649,NA,NA,NA,10.4,5,180,"1"
"87","2017-06-14 07:00:00","Resolved QFP",-21.594344,-53.739794,336,NA,NA,NA,2.4,6,180,"1"
"88","2017-06-14 08:00:00","Succeeded (3D)",-21.594037,-53.739797,288,0.78,117.4,44.29,1.6,4,84,"1"
"89","2017-06-14 09:00:00","Succeeded (3D)",-21.59403,-53.739864,308,0.04,45.7,27.88,1.4,5,47,"1"
"90","2017-06-14 10:00:00","Resolved QFP",-21.594009,-53.739861,330,NA,NA,NA,1.7,5,180,"1"
"91","2017-06-14 11:00:00","Resolved QFP",-21.593697,-53.739901,663,NA,NA,NA,2.1,5,180,"1"
"92","2017-06-14 12:00:00","Resolved QFP",-21.593915,-53.740007,319,NA,NA,NA,1.8,7,180,"1"
"93","2017-06-14 13:00:00","Resolved QFP",-21.594048,-53.739786,320,NA,NA,NA,3.2,5,180,"1"
"94","2017-06-14 14:00:00","Resolved QFP",-21.593913,-53.739835,320,NA,NA,NA,4.1,5,180,"1"
"95","2017-06-14 15:00:00","Resolved QFP",-21.593936,-53.739854,315,NA,NA,NA,1.7,5,180,"1"
"96","2017-06-14 16:00:00","Resolved QFP",-21.594474,-53.740453,306,NA,NA,NA,4.5,6,180,"1"
"97","2017-06-14 19:00:00","Succeeded (3D)",-21.594067,-53.739914,316,0.64,325.5,49.04,2.4,4,125,"2"
"98","2017-06-14 20:00:00","Succeeded (3D)",-21.594071,-53.739862,312,0.02,187.7,44.74,4.2,5,47,"2"
"99","2017-06-14 21:00:00","Succeeded (3D)",-21.594071,-53.739865,306,0,12,13.98,2.4,5,46,"2"
"100","2017-06-14 22:00:00","Succeeded (3D)",-21.59409,-53.739862,301,0.13,161,37.27,1.6,4,85,"2"
"101","2017-06-14 23:00:00","Succeeded (3D)",-21.594033,-53.739877,302,0.18,59.8,40.84,1.8,5,61,"2"
"102","2017-06-15 00:00:00","Succeeded (3D)",-21.594027,-53.739899,314,0.04,201.8,9.92,1.2,6,44,"2"
"103","2017-06-15 01:00:00","Succeeded (3D)",-21.594078,-53.739936,307,0.16,152.6,18.3,1.4,6,46,"2"
"104","2017-06-15 02:00:00","Succeeded (3D)",-21.593928,-53.739835,287,0.12,17.6,41.45,1.8,5,96,"2"
"105","2017-06-15 03:00:00","Succeeded (3D)",-21.594031,-53.739843,325,0,332.6,17.42,2,5,48,"2"
"106","2017-06-15 04:00:00","Succeeded (3D)",-21.594058,-53.739895,301,0.11,113.2,25.06,2.4,4,47,"2"
"107","2017-06-15 05:00:00","Succeeded (3D)",-21.593834,-53.739849,301,0.96,204.6,49.05,1.6,4,46,"2"
"108","2017-06-15 06:00:00","Succeeded (3D)",-21.594059,-53.739872,308,0.04,51.3,9.74,1.2,6,47,"2"
"109","2017-06-15 07:00:00","Succeeded (3D)",-21.594035,-53.739894,314,0,121.6,15.53,1.2,6,46,"2"
"110","2017-06-15 08:00:00","Succeeded (3D)",-21.594098,-53.73989,306,0.05,13.4,18.55,1,7,46,"2"
"111","2017-06-15 09:00:00","Succeeded (3D)",-21.594044,-53.739888,324,0.02,325.5,11.06,1,7,47,"2"
"112","2017-06-15 10:00:00","Succeeded (3D)",-21.594118,-53.739926,304,0,273.5,20.39,1.6,6,48,"2"
"113","2017-06-15 11:00:00","Succeeded (3D)",-21.59397,-53.739827,317,0.35,204.6,70.44,3.4,4,46,"2"
"114","2017-06-15 12:00:00","Succeeded (3D)",-21.594079,-53.739903,307,0,224.3,12.69,1.6,6,46,"2"
"115","2017-06-15 13:00:00","Succeeded (3D)",-21.59409,-53.739908,316,0,64,15.37,1.2,6,46,"2"
"116","2017-06-15 14:00:00","Succeeded (3D)",-21.594051,-53.739827,323,0.08,266.5,20.08,1.4,5,46,"2"
"117","2017-06-15 15:00:00","Succeeded (3D)",-21.594046,-53.739761,288,0.36,258,57.3,2.6,5,46,"2"
"118","2017-06-15 16:00:00","Succeeded (3D)",-21.59398,-53.739906,310,0.46,346.6,76.74,5,4,127,"2"
"119","2017-06-15 17:00:00","Succeeded (3D)",-21.593969,-53.739914,318,0.78,348,94.06,2,5,72,"2"
"120","2017-06-15 18:00:00","Succeeded (3D)",-21.594075,-53.739898,309,0.04,335.4,9.9,1.4,6,43,"2"
"121","2017-06-15 19:00:00","Succeeded (3D)",-21.594077,-53.739937,309,0.3,235.5,21.34,1.2,7,46,"2"
"122","2017-06-15 20:00:00","Succeeded (3D)",-21.594094,-53.739886,297,0.24,33,32.14,1.6,4,46,"2"
"123","2017-06-15 21:00:00","Succeeded (3D)",-21.594055,-53.739882,294,0.12,152.6,29.72,1.6,4,46,"2"
"124","2017-06-15 22:00:00","Succeeded (3D)",-21.594077,-53.739872,319,0.26,353.7,19.16,1.6,5,46,"2"
"125","2017-06-15 23:00:00","Succeeded (3D)",-21.594062,-53.73986,313,0.49,182.1,33.22,1.6,5,47,"2"
"126","2017-06-16 00:00:00","Succeeded (3D)",-21.594066,-53.739896,304,0.05,127.3,22.37,1.8,4,47,"2"
"127","2017-06-16 01:00:00","Succeeded (3D)",-21.594044,-53.739892,313,0,41.5,26.08,1.8,5,48,"2"
"128","2017-06-16 02:00:00","Succeeded (3D)",-21.594056,-53.739908,301,0.24,210.2,32.54,1.6,4,46,"2"
"129","2017-06-16 03:00:00","Succeeded (3D)",-21.594085,-53.73985,305,0.51,294.6,46.71,2.6,4,151,"2"
"130","2017-06-16 04:00:00","Succeeded (3D)",-21.594073,-53.739915,297,0.5,138.5,26.98,2.2,4,47,"2"
"131","2017-06-16 05:00:00","Succeeded (3D)",-21.593999,-53.739812,296,0.41,206,40.18,1.6,4,61,"2"
"132","2017-06-16 06:00:00","Succeeded (3D)",-21.594063,-53.739838,300,0.55,52.7,33.53,1.6,4,47,"2"
"133","2017-06-16 07:00:00","Succeeded (3D)",-21.594011,-53.739896,304,0.07,342.4,13.33,1.4,5,46,"2"
"134","2017-06-16 08:00:00","Succeeded (3D)",-21.594069,-53.739895,304,0,196.2,13.77,1.4,5,46,"2"
"135","2017-06-16 09:00:00","Succeeded (3D)",-21.594033,-53.739801,308,0.25,166.6,23.06,1.6,4,47,"2"
"136","2017-06-16 10:00:00","Succeeded (3D)",-21.593947,-53.739856,326,0.31,342.4,24.01,1.8,5,48,"2"
"137","2017-06-16 11:00:00","Succeeded (3D)",-21.594033,-53.739861,309,0.32,183.5,30.79,1.8,6,46,"2"
"138","2017-06-16 12:00:00","Succeeded (3D)",-21.594074,-53.739898,299,0.05,85.1,16.55,1.8,5,46,"2"
"139","2017-06-16 13:00:00","Succeeded (3D)",-21.594072,-53.739873,310,0.01,201.8,19.9,2,5,46,"2"
"140","2017-06-16 14:00:00","Succeeded (3D)",-21.594012,-53.73982,305,0.53,93.5,37.01,1.4,4,49,"2"
"141","2017-06-16 15:00:00","Succeeded (3D)",-21.594044,-53.739888,310,0.36,78,66.18,3.4,4,119,"2"
"142","2017-06-16 16:00:00","Succeeded (3D)",-21.594229,-53.739905,297,1.09,186.3,72.89,4.8,4,46,"2"
"143","2017-06-16 17:00:00","Succeeded (3D)",-21.594068,-53.739858,293,0.06,280.5,46.74,1.8,4,78,"2"
"144","2017-06-16 18:00:00","Succeeded (3D)",-21.594085,-53.739938,298,0.17,220.1,36.11,1.4,4,84,"2"
"145","2017-06-16 19:00:00","Succeeded (3D)",-21.594311,-53.740239,324,0.44,208.8,90.24,2.8,4,167,"2"
"146","2017-06-16 20:00:00","Succeeded (3D)",-21.593926,-53.739783,319,0.11,215.9,99.79,6.2,4,99,"2"
"147","2017-06-16 21:00:00","Resolved QFP",-21.594229,-53.73974,305,NA,NA,NA,1.3,7,180,"2"
"148","2017-06-16 22:00:00","Resolved QFP",-21.594028,-53.739988,315,NA,NA,NA,2.4,5,180,"2"
"149","2017-06-16 23:00:00","Unresolved QFP",-21.59492,-53.738128,1,NA,NA,NA,25.5,4,180,"2"
"150","2017-06-17 00:00:00","Resolved QFP",-21.594128,-53.739736,271,NA,NA,NA,1.6,6,180,"2"
"151","2017-06-17 01:00:00","Succeeded (3D)",-21.594067,-53.739929,307,0.2,200.4,34.85,2,4,46,"2"
"152","2017-06-17 02:00:00","Succeeded (3D)",-21.594039,-53.739881,299,0.38,40.1,45.78,1.6,4,53,"2"
"153","2017-06-17 03:00:00","Succeeded (3D)",-21.594056,-53.739877,303,0.77,21.8,41.36,1.6,4,84,"2"
"154","2017-06-17 04:00:00","Resolved QFP",-21.594173,-53.740791,1327,NA,NA,NA,3.4,5,180,"2"
"155","2017-06-17 05:00:00","Resolved QFP",-21.594141,-53.73988,305,NA,NA,NA,2.9,6,180,"2"
"156","2017-06-17 06:00:00","Resolved QFP",-21.594028,-53.739887,297,NA,NA,NA,1.5,7,180,"2"
"157","2017-06-17 07:00:00","Succeeded (3D)",-21.593998,-53.739884,296,0.19,343.8,55.54,1.4,5,62,"2"
"158","2017-06-17 08:00:00","Resolved QFP",-21.594078,-53.739955,310,NA,NA,NA,1.3,6,180,"2"
"159","2017-06-17 09:00:00","Succeeded (3D)",-21.594003,-53.7398,337,0.4,13.4,52.99,1.6,5,84,"2"
"160","2017-06-17 10:00:00","Resolved QFP",-21.594064,-53.739945,299,NA,NA,NA,1.5,6,180,"2"
"161","2017-06-17 11:00:00","Succeeded (3D)",-21.593966,-53.739837,326,0.36,201.8,66.05,3.8,4,46,"2"
"162","2017-06-17 12:00:00","Succeeded (3D)",-21.594083,-53.739842,291,0.54,49.9,74.82,2.6,4,179,"2"
"163","2017-06-17 13:00:00","Unresolved QFP",-21.590534,-53.748211,80,NA,NA,NA,25.5,4,180,"2"
"164","2017-06-17 15:00:00","Succeeded (3D)",-21.594072,-53.739857,305,0.42,265.1,28.07,2.4,6,47,"3"
"165","2017-06-17 16:00:00","Succeeded (3D)",-21.594031,-53.739927,319,0.36,266.5,43.31,1.4,6,46,"3"
"166","2017-06-17 17:00:00","Succeeded (3D)",-21.594056,-53.739875,308,0.1,87.9,24.85,1.6,6,46,"3"
"167","2017-06-17 18:00:00","Succeeded (3D)",-21.594066,-53.739947,316,1.05,33,44.58,2,4,88,"3"
"168","2017-06-17 19:00:00","Succeeded (3D)",-21.594096,-53.739904,314,0.22,89.3,21.28,1.6,4,46,"3"
"169","2017-06-17 20:00:00","Resolved QFP",-21.59417,-53.739905,311,NA,NA,NA,1,8,180,"3"
"170","2017-06-17 21:00:00","Resolved QFP",-21.594047,-53.740007,305,NA,NA,NA,1.5,5,180,"3"
"171","2017-06-17 22:00:00","Failed",NA,NA,NA,NA,NA,NA,NA,3,180,"3"
"172","2017-06-17 23:00:00","Succeeded (3D)",-21.593996,-53.739892,314,0.94,9.1,32.06,1.2,4,120,"3"
"173","2017-06-18 00:00:00","Succeeded (3D)",-21.594059,-53.739841,308,0.16,279.1,71.23,2.2,4,95,"3"
"174","2017-06-18 01:00:00","Succeeded (3D)",-21.593982,-53.7399,316,0.54,277.7,51.56,1.8,5,90,"3"
"175","2017-06-18 02:00:00","Succeeded (3D)",-21.594055,-53.739812,304,0.73,356.5,49.92,2,4,49,"3"
"176","2017-06-18 03:00:00","Succeeded (3D)",-21.594096,-53.739921,303,0.46,96.3,19.33,1.2,5,47,"3"
"177","2017-06-18 04:00:00","Resolved QFP",-21.594131,-53.739865,311,NA,NA,NA,4.2,5,180,"3"
"178","2017-06-18 05:00:00","Succeeded (3D)",-21.594062,-53.739908,299,0.09,55.5,41.35,1.6,4,139,"3"
"179","2017-06-18 06:00:00","Succeeded (3D)",-21.594063,-53.739742,309,0.58,291.8,97.61,2.2,4,129,"3"
"180","2017-06-18 07:00:00","Succeeded (3D)",-21.593754,-53.739862,300,1.06,4.9,75.46,1.4,5,106,"3"
"181","2017-06-18 08:00:00","Succeeded (3D)",-21.594024,-53.739891,310,0.05,232.7,25.71,1.4,5,47,"3"
"182","2017-06-18 09:00:00","Succeeded (3D)",-21.594058,-53.73987,305,0.07,311.5,14.27,1.2,6,46,"3"
"183","2017-06-18 10:00:00","Resolved QFP",-21.594463,-53.740131,391,NA,NA,NA,4.4,5,180,"3"
"184","2017-06-18 11:00:00","Succeeded (3D)",-21.594082,-53.739892,304,0.91,207.4,46.58,2,4,79,"3"
"185","2017-06-18 12:00:00","Resolved QFP",-21.593953,-53.739885,319,NA,NA,NA,2.7,6,180,"3"
"186","2017-06-18 13:00:00","Resolved QFP",-21.594108,-53.74001,314,NA,NA,NA,2.8,6,180,"3"
"187","2017-06-18 14:00:00","Resolved QFP",-21.594039,-53.739816,331,NA,NA,NA,0.9,9,180,"3"
"188","2017-06-18 15:00:00","Succeeded (3D)",-21.594075,-53.739865,294,0.03,242.6,45.86,1.8,4,109,"3"
"189","2017-06-18 16:00:00","Succeeded (3D)",-21.594062,-53.739863,307,0.02,57,28.92,2.2,5,46,"3"
"190","2017-06-18 17:00:00","Succeeded (3D)",-21.593993,-53.739882,320,0.42,132.9,27.69,1.8,5,46,"3"
"191","2017-06-18 18:00:00","Succeeded (3D)",-21.594112,-53.739871,331,0.63,197.6,51.19,1.6,4,48,"3"
"192","2017-06-18 19:00:00","Resolved QFP",-21.59405,-53.739769,299,NA,NA,NA,1.6,6,180,"3"
"193","2017-06-18 20:00:00","Succeeded (3D)",-21.593986,-53.739843,317,0.34,300.2,98.67,4.4,4,98,"3"
"194","2017-06-18 21:00:00","Resolved QFP",-21.594122,-53.739766,333,NA,NA,NA,1.3,7,180,"3"
"195","2017-06-18 22:00:00","Resolved QFP",-21.59408,-53.740036,264,NA,NA,NA,1.8,5,180,"3"
"196","2017-06-18 23:00:00","Failed",NA,NA,NA,NA,NA,NA,NA,1,180,"3"
"197","2017-06-19 00:00:00","Succeeded (3D)",-21.594045,-53.73989,325,0.42,322.7,50.03,1.6,5,64,"3"
"198","2017-06-19 01:00:00","Succeeded (3D)",-21.5941,-53.739875,299,0.15,192,27.29,1.4,6,48,"3"
"199","2017-06-19 02:00:00","Succeeded (3D)",-21.594057,-53.739881,304,0.08,116,20.03,1.4,5,47,"3"
"200","2017-06-19 03:00:00","Succeeded (3D)",-21.594007,-53.739827,313,1.05,255.2,66.31,4.8,4,55,"3"
"201","2017-06-19 04:00:00","Resolved QFP",-21.594159,-53.739874,317,NA,NA,NA,3.6,5,180,"3"
"202","2017-06-19 05:00:00","Resolved QFP",-21.594254,-53.739958,433,NA,NA,NA,1.3,6,180,"3"
"203","2017-06-19 06:00:00","Succeeded (3D)",-21.594179,-53.739731,260,0.42,307.3,98.08,3.8,4,66,"3"
"204","2017-06-19 07:00:00","Succeeded (3D)",-21.593993,-53.739896,307,0.62,2.1,27.47,1.4,5,46,"3"
"205","2017-06-19 08:00:00","Succeeded (3D)",-21.594039,-53.739858,294,0.22,200.4,35.33,1.6,4,46,"3"
"206","2017-06-19 09:00:00","Succeeded (3D)",-21.594035,-53.739867,311,0.05,200.4,26.51,1.4,5,47,"3"
"207","2017-06-19 10:00:00","Resolved QFP",-21.594158,-53.739899,340,NA,NA,NA,1.5,8,180,"3"
"208","2017-06-19 11:00:00","Succeeded (3D)",-21.594045,-53.739877,313,0.18,125.9,39,2,4,46,"3"
"209","2017-06-19 12:00:00","Succeeded (3D)",-21.59402,-53.739752,284,0.31,33,97.78,4.2,5,96,"3"
"210","2017-06-19 13:00:00","Succeeded (3D)",-21.594013,-53.739835,287,0.17,324.1,68.2,2.2,4,90,"3"
"211","2017-06-19 14:00:00","Succeeded (3D)",-21.594054,-53.739845,315,0.14,241.2,20.25,1.2,6,46,"3"
"212","2017-06-19 15:00:00","Succeeded (3D)",-21.594049,-53.739881,318,0,239.8,12.96,1.4,6,46,"3"
"213","2017-06-19 16:00:00","Succeeded (3D)",-21.593906,-53.739764,285,0.25,217.3,37.23,2,4,46,"3"
"214","2017-06-19 17:00:00","Succeeded (3D)",-21.593984,-53.740013,333,0.29,107.6,63.6,4,5,46,"3"
"215","2015-12-17 23:00:00","Succeeded (3D)",-21.6118970216306,-53.8918901430286,401,0.25,348,12.57,3,4,47,"4"
"216","2015-12-18 00:00:00","Succeeded (3D)",-21.6121518601801,-53.8917697260744,400,0.07,7.7,8.41,1,8,34,"4"
"217","2015-12-18 01:00:00","Succeeded (3D)",-21.6121963057739,-53.8918092219584,393,0.17,3.5,8.75,0.8,9,36,"4"
"218","2015-12-18 02:00:00","Succeeded (3D)",-21.6121516922937,-53.8917793756231,383,0.18,314.3,9.07,1,8,7,"4"
"219","2015-12-18 03:00:00","Succeeded (3D)",-21.6121053999326,-53.8918460247614,382,1.44,218.7,8.78,1.8,6,6,"4"
"220","2015-12-18 04:00:00","Succeeded (3D)",-21.6121252935485,-53.8917402388276,415,0,2.1,55.27,1.4,6,48,"4"
"221","2015-12-18 05:00:00","Succeeded (3D)",-21.6121694033766,-53.8917990337946,392,0,14.8,12.91,1,8,46,"4"
"222","2015-12-18 06:00:00","Succeeded (3D)",-21.6120893677155,-53.8917298711503,400,0.21,9.1,9.87,1.2,7,8,"4"
"223","2015-12-18 07:00:00","Succeeded (3D)",-21.6121060714887,-53.8918074265808,403,2.69,262.3,9.8,1.4,6,8,"4"
"224","2015-12-18 08:00:00","Succeeded (3D)",-21.6121695712642,-53.8917893842449,402,0,64,20.32,1.4,6,47,"4"
"225","2015-12-18 09:00:00","Succeeded (3D)",-21.6121154306921,-53.8917883070261,405,0.03,97.7,9.66,1,6,21,"4"
"226","2015-12-18 10:00:00","Succeeded (3D)",-21.6121966415501,-53.8917899228556,410,0,252.4,24.2,3.6,5,47,"4"
"227","2015-12-18 11:00:00","Succeeded (3D)",-21.6121431725221,-53.8917502474427,406,0.07,106.2,8.73,2,5,33,"4"
"228","2015-12-18 12:00:00","Succeeded (3D)",-21.6121147591402,-53.8918269052098,403,0,64,48.46,1.2,6,46,"4"
"229","2015-12-18 13:00:00","Succeeded (3D)",-21.6121886254363,-53.8917318460115,410,0.52,121.6,6.51,1.8,5,6,"4"
"230","2015-12-18 14:00:00","Succeeded (3D)",-21.6121436761741,-53.8917212987974,412,0.05,200.4,8,1.2,7,35,"4"
"231","2015-12-18 15:00:00","Succeeded (3D)",-21.6121692354884,-53.8918086833441,414,0,33,9.83,1.4,7,14,"4"
"232","2015-12-18 16:00:00","Succeeded (3D)",-21.6120970480601,-53.8918072470436,413,0.08,220.1,6.39,0.8,7,35,"4"
"233","2015-12-18 17:00:00","Succeeded (3D)",-21.6121234467891,-53.8918463838409,402,0.01,222.9,6.6,1.4,6,9,"4"
"234","2015-12-18 18:00:00","Succeeded (3D)",-21.6120885282922,-53.8917781188736,387,0.09,9.1,7.72,1.8,5,33,"4"
"235","2015-12-18 19:00:00","Succeeded (3D)",-21.6121067430358,-53.8917688283987,391,0.24,31.6,12.61,2,4,46,"4"
"236","2015-12-18 20:00:00","Succeeded (3D)",-21.6121866107866,-53.8918476406223,404,0,2.1,33.41,1.2,6,46,"4"
"237","2015-12-18 21:00:00","Succeeded (3D)",-21.6122044897516,-53.891857649255,416,0,352.3,9.9,1,5,23,"4"
"238","2015-12-18 22:00:00","Succeeded (3D)",-21.6121515244069,-53.8917890251716,402,0,82.3,4.5,0.8,9,46,"4"
"239","2015-12-18 23:00:00","Succeeded (3D)",-21.6121338133224,-53.8917693670039,394,0.05,305.9,8.18,1.4,6,8,"4"
"240","2015-12-19 00:00:00","Succeeded (3D)",-21.6120708172052,-53.8917584607165,407,0,78,12.29,1,8,47,"4"
"241","2015-12-19 01:00:00","Succeeded (3D)",-21.6121521959511,-53.8917504269768,393,0,17.6,12.76,0.8,10,48,"4"
"242","2015-12-19 02:00:00","Succeeded (3D)",-21.6121598762821,-53.8918278029039,399,0.12,248.2,7.2,1,8,7,"4"
"243","2015-12-19 03:00:00","Succeeded (3D)",-21.6121516922937,-53.8917793756231,406,0.02,253.8,9.55,0.8,9,34,"4"
"244","2015-12-19 04:00:00","Succeeded (3D)",-21.6122063365248,-53.8917515041835,416,0.51,338.2,9.28,1,6,9,"4"
"245","2015-12-19 05:00:00","Succeeded (3D)",-21.6121157664647,-53.8917690079337,401,0.15,152.6,9.07,1.4,7,33,"4"
"246","2015-12-19 06:00:00","Succeeded (3D)",-21.6121799377741,-53.8917123673763,416,0.53,137.1,9.09,1.4,5,7,"4"
"247","2015-12-19 07:00:00","Succeeded (3D)",-21.6121064072633,-53.89178812749,433,0.3,238.4,8.62,1.4,5,8,"4"
"248","2015-12-19 08:00:00","Succeeded (3D)",-21.6121511886314,-53.8918083242684,413,0,10.5,23.92,1,7,46,"4"
"249","2015-12-19 09:00:00","Succeeded (3D)",-21.6118925310579,-53.8916294261397,501,0,225.7,14.86,1,7,47,"4"
"250","2015-12-19 10:00:00","Succeeded (3D)",-21.6123134424531,-53.8918212055222,384,0,183.5,8.25,1.4,6,38,"4"
"251","2015-12-19 11:00:00","Succeeded (3D)",-21.6121978167493,-53.8917223759928,411,0.18,318.5,6.81,2,5,8,"4"
"252","2015-12-19 12:00:00","Succeeded (3D)",-21.6121516922937,-53.8917793756231,398,0.08,277.7,5.91,1.4,6,35,"4"
"253","2015-12-19 13:00:00","Succeeded (3D)",-21.6120596112276,-53.8918837252314,389,0,346.6,21.92,2.4,6,46,"4"
"254","2015-12-19 14:00:00","Succeeded (3D)",-21.6124040125159,-53.8918037017972,448,0,94.9,32.03,1.4,7,46,"4"
"255","2015-12-19 15:00:00","Succeeded (3D)",-21.6120415643716,-53.8918833661484,393,0,237,9.71,1,7,26,"4"
"256","2015-12-19 16:00:00","Succeeded (3D)",-21.6121605478355,-53.8917892047082,426,0.07,220.1,8.36,1,6,33,"4"
"257","2015-12-19 17:00:00","Succeeded (3D)",-21.6120985590278,-53.8917204011372,408,0.06,106.2,8.95,1.4,5,33,"4"
"258","2015-12-19 18:00:00","Succeeded (3D)",-21.6120340519467,-53.8917963407449,407,0.12,68.2,7.89,1.8,5,33,"4"
"259","2015-12-19 19:00:00","Succeeded (3D)",-21.6120703135483,-53.8917874093464,403,0.03,260.9,7.62,1.2,6,35,"4"
"260","2015-12-19 20:00:00","Succeeded (3D)",-21.6121510207428,-53.8918179738167,407,0.05,197.6,7.28,1,7,35,"4"
"261","2015-12-19 21:00:00","Succeeded (3D)",-21.6121869465671,-53.8918283415214,401,0,251,7.84,1,7,31,"4"
"262","2015-12-19 22:00:00","Succeeded (3D)",-21.6121521959511,-53.8917504269768,408,0.05,49.9,9.66,0.8,9,34,"4"
"263","2015-12-19 23:00:00","Succeeded (3D)",-21.6121249577791,-53.8917595379218,397,1.02,258,8.41,1.2,7,9,"4"
"264","2015-12-20 00:00:00","Succeeded (3D)",-21.612107414574,-53.8917302302152,403,0,262.3,11.6,1,8,47,"4"
"265","2015-12-20 01:00:00","Succeeded (3D)",-21.6121610514947,-53.8917602560605,400,0.03,114.6,8.72,0.8,10,34,"4"
"266","2015-12-20 02:00:00","Succeeded (3D)",-21.6122056649787,-53.8917901023926,419,0.07,308.7,7.95,1.2,7,10,"4"
"267","2015-12-20 03:00:00","Succeeded (3D)",-21.6121338133224,-53.8917693670039,408,0,297.4,7.9,0.8,9,35,"4"
"268","2015-12-20 04:00:00","Succeeded (3D)",-21.6121065751498,-53.8917784779444,387,0.33,31.6,6.03,1,7,8,"4"
"269","2015-12-20 05:00:00","Succeeded (3D)",-21.6121329738859,-53.8918176147402,412,0.07,214.5,9.39,1.6,5,21,"4"
"270","2015-12-20 06:00:00","Succeeded (3D)",-21.6121333096622,-53.8917983156459,407,0,34.5,36.21,2,5,47,"4"
"271","2015-12-20 07:00:00","Succeeded (3D)",-21.6119974545698,-53.8918245712163,408,0.04,336.8,9.61,1,6,36,"4"
"272","2015-12-20 08:00:00","Succeeded (3D)",-21.612132805997,-53.8918272642872,384,0,82.3,8.24,1.6,5,15,"4"
"273","2015-12-20 09:00:00","Succeeded (3D)",-21.6122497747835,-53.8918488974082,370,0,204.6,64.02,3,5,47,"4"
"274","2015-12-20 10:00:00","Succeeded (3D)",-21.6121518601801,-53.8917697260744,456,0,176.5,15.64,1.8,5,47,"4"
"275","2015-12-20 11:00:00","Succeeded (3D)",-21.6121389752262,-53.8919914861205,366,0,259.5,15.78,1.8,6,46,"4"
"276","2015-12-20 12:00:00","Succeeded (3D)",-21.6120978874922,-53.8917589993187,410,0.03,331.2,9.92,1,7,39,"4"
"277","2015-12-20 13:00:00","Succeeded (3D)",-21.6120980553769,-53.8917493497735,383,0,151.2,4.02,1,8,46,"4"
"278","2015-12-20 14:00:00","Succeeded (3D)",-21.6121688997104,-53.891827982443,408,0,355.1,8.4,1.2,7,25,"4"
"279","2015-12-20 15:00:00","Succeeded (3D)",-21.6121237825686,-53.8918270847485,411,0.72,10.5,7.96,1.8,6,7,"4"
"280","2015-12-20 16:00:00","Succeeded (3D)",-21.6120607864578,-53.8918161784379,384,0,152.6,62.6,1.2,5,46,"4"
"281","2015-12-20 17:00:00","Succeeded (3D)",-21.6121150949172,-53.8918076061182,396,0,107.6,13.16,1,7,46,"4"
"282","2015-12-20 18:00:00","Succeeded (3D)",-21.6121608836089,-53.8917699056098,369,0,35.9,4.11,1.4,6,43,"4"
"283","2015-12-20 19:00:00","Succeeded (3D)",-21.6121333096622,-53.8917983156459,420,0,349.5,11.55,1.2,5,46,"4"
"284","2015-12-20 20:00:00","Succeeded (3D)",-21.6119112068391,-53.89211244132,390,0,120.2,44.83,3.6,5,46,"4"
"285","2015-12-20 21:00:00","Succeeded (3D)",-21.6121341490931,-53.8917500679087,395,0,121.6,9.91,1.2,6,39,"4"
"286","2015-12-20 22:00:00","Succeeded (3D)",-21.6121695712642,-53.8917893842449,403,0,176.5,9.61,1.2,7,35,"4"
"287","2015-12-20 23:00:00","Succeeded (3D)",-21.6120529382315,-53.8917484521066,385,0.55,269.3,9.69,1.6,6,8,"4"
"288","2015-12-21 00:00:00","Succeeded (3D)",-21.6121963057739,-53.8918092219584,398,0,228.5,4.9,1,8,38,"4"
"289","2015-12-21 01:00:00","Succeeded (3D)",-21.6121618909156,-53.8917120083124,414,0,252.4,9.59,1.2,7,20,"4"
"290","2015-12-21 02:00:00","Succeeded (3D)",-21.6122836858569,-53.8919750598054,403,0.04,59.8,9.86,1.8,5,23,"4"
"291","2015-12-21 03:00:00","Succeeded (3D)",-21.6120967122833,-53.8918265461329,392,0,76.6,24.83,1.4,8,47,"4"
"292","2015-12-21 04:00:00","Succeeded (3D)",-21.6121789304665,-53.8917702646809,380,0,124.5,6.69,1.4,6,12,"4"
"293","2015-12-21 05:00:00","Succeeded (3D)",-21.6121069109212,-53.891759178853,408,0,235.5,26.71,2,6,46,"4"
"294","2015-12-21 06:00:00","Succeeded (3D)",-21.6121154306921,-53.8917883070261,398,1.26,338.2,8.13,1.6,5,6,"4"
"295","2015-12-21 07:00:00","Succeeded (3D)",-21.612088696178,-53.8917684693291,424,0.02,287.6,9.86,1.2,6,34,"4"
"296","2015-12-21 08:00:00","Succeeded (3D)",-21.6121602120599,-53.8918085038062,400,0,334,49.81,1.2,6,46,"4"
"297","2015-12-21 09:00:00","Succeeded (3D)",-21.6120805121692,-53.8917200420737,395,0,189.1,10.71,1,7,47,"4"
"298","2015-12-21 10:00:00","Succeeded (3D)",-21.6121333096622,-53.8917983156459,393,0.07,152.6,8.85,2.8,5,15,"4"
"299","2015-12-21 11:00:00","Succeeded (3D)",-21.6120883604058,-53.891787768418,389,0,232.7,11.86,3,4,46,"4"
"300","2015-12-21 12:00:00","Succeeded (3D)",-21.6121797698909,-53.8917220169273,411,0,336.8,13.89,1,8,46,"4"
"301","2015-12-21 13:00:00","Succeeded (3D)",-21.6122066722944,-53.8917322050784,422,0.01,279.1,9.96,1.2,7,11,"4"
"302","2015-12-21 14:00:00","Succeeded (3D)",-21.6120634725955,-53.8916617857498,425,0,49.9,13.27,1.6,6,46,"4"
"303","2015-12-21 15:00:00","Succeeded (3D)",-21.6121592047197,-53.891866401098,393,0,244,23.14,1.2,8,46,"4"
"304","2015-12-21 16:00:00","Succeeded (3D)",-21.6121154306921,-53.8917883070261,387,0,190.5,5.85,1,6,20,"4"
"305","2015-12-21 17:00:00","Succeeded (3D)",-21.6121256293156,-53.891720939733,414,0.1,352.3,7.58,1.2,6,34,"4"
"306","2015-12-21 18:00:00","Succeeded (3D)",-21.6121699070377,-53.8917700851453,403,0,71,21.02,1.4,5,46,"4"
"307","2015-12-21 19:00:00","Succeeded (3D)",-21.6121597083923,-53.8918374524526,403,0,13.4,10.72,0.8,9,46,"4"
"308","2015-12-21 20:00:00","Succeeded (3D)",-21.6121687318206,-53.8918376319922,397,0.02,128.7,9.57,1,7,34,"4"
"309","2015-12-21 21:00:00","Succeeded (3D)",-21.612117613174,-53.8916628629187,398,0.04,83.7,9.14,0.8,9,34,"4"
"310","2015-12-21 22:00:00","Succeeded (3D)",-21.6121700749236,-53.8917604355954,396,2.33,45.7,7.66,1,7,6,"4"
"311","2015-12-21 23:00:00","Succeeded (3D)",-21.612150684964,-53.891837272913,390,0.03,59.8,6.49,1.6,5,9,"4"
"312","2015-12-22 00:00:00","Succeeded (3D)",-21.6121334775495,-53.8917886660987,397,0,301.6,40.43,1,8,47,"4"
"313","2015-12-22 01:00:00","Succeeded (3D)",-21.6121239504575,-53.8918174352021,398,0.01,9.1,9.35,1.2,8,11,"4"
"314","2015-12-22 02:00:00","Succeeded (3D)",-21.6119533447431,-53.891765776319,348,0,287.6,9.93,1.4,7,46,"4"
"315","2015-12-22 03:00:00","Succeeded (3D)",-21.6121336454362,-53.8917790165513,436,0.02,163.8,9.24,1.4,8,35,"4"
"316","2015-12-22 04:00:00","Succeeded (3D)",-21.612107414574,-53.8917302302152,428,0.55,305.9,8.5,1.2,7,7,"4"
"317","2015-12-22 05:00:00","Succeeded (3D)",-21.6120619616606,-53.8917486316398,414,0.11,221.5,9.95,1.4,7,45,"4"
"318","2015-12-22 06:00:00","Succeeded (3D)",-21.6120993984348,-53.8916721534081,408,0,342.4,8.92,1.4,6,28,"4"
"319","2015-12-22 07:00:00","Succeeded (3D)",-21.6120967122833,-53.8918265461329,410,1.85,173.7,9.87,1.8,5,8,"4"
"320","2015-12-22 08:00:00","Succeeded (3D)",-21.6121338133224,-53.8917693670039,417,0,23.2,17.08,1.2,5,45,"4"
"321","2015-12-22 09:00:00","Succeeded (3D)",-21.6120970480601,-53.8918072470436,412,0,159.6,24.63,1.6,5,46,"4"
"322","2015-12-22 10:00:00","Succeeded (3D)",-21.6121329738859,-53.8918176147402,399,0,96.3,16.29,3.2,4,47,"4"
"323","2015-12-22 11:00:00","Succeeded (3D)",-21.6121533711319,-53.8916828801324,427,0,331.2,14.48,2.2,5,46,"4"
"324","2015-12-22 12:00:00","Succeeded (3D)",-21.6121246220074,-53.8917788370156,409,0.09,276.3,8.94,1.4,7,35,"4"
"325","2015-12-22 13:00:00","Succeeded (3D)",-21.6121804414204,-53.8916834187228,435,0.02,94.9,8.8,2.4,6,27,"4"
"326","2015-12-22 14:00:00","Succeeded (3D)",-21.6121247898935,-53.8917691874687,403,0,203.2,12.39,1.6,6,46,"4"
"327","2015-12-22 15:00:00","Succeeded (3D)",-21.6121421652029,-53.8918081447307,409,0,258,9.37,2,6,13,"4"
"328","2015-12-22 16:00:00","Succeeded (3D)",-21.6121688997104,-53.891827982443,405,0,262.3,12.85,1.2,6,46,"4"
"329","2015-12-22 17:00:00","Succeeded (3D)",-21.6121678923631,-53.8918858797372,407,0.08,83.7,8.38,1,7,35,"4"
"330","2015-12-22 18:00:00","Succeeded (3D)",-21.6121154306921,-53.8917883070261,410,0.36,44.3,6.63,1.4,6,7,"4"
"331","2015-12-22 19:00:00","Succeeded (3D)",-21.6121872823454,-53.8918090424202,394,0,168,14.03,1,7,46,"4"
"332","2015-12-22 20:00:00","Succeeded (3D)",-21.6121435082906,-53.891730948346,389,0,318.5,20.8,1.2,6,46,"4"
"333","2015-12-22 21:00:00","Succeeded (3D)",-21.612116102235,-53.8917497088409,417,0.37,121.6,9.91,1,6,8,"4"
"334","2015-12-22 22:00:00","Succeeded (3D)",-21.6121607157225,-53.8917795551591,389,0,23.2,19.39,1,7,46,"4"
"335","2015-12-22 23:00:00","Succeeded (3D)",-21.6121511886314,-53.8918083242684,416,0,293.2,8.52,1,9,40,"4"
"336","2015-12-23 00:00:00","Succeeded (3D)",-21.6122060007529,-53.8917708032883,402,0.31,225.7,9.82,1.4,7,7,"4"
"337","2015-12-23 01:00:00","Succeeded (3D)",-21.612142668865,-53.8917791960871,404,0,190.5,9.93,0.8,9,47,"4"
"338","2015-12-23 02:00:00","Succeeded (3D)",-21.6123151213274,-53.8917247099278,444,0.09,336.8,9.92,2.6,7,36,"4"
"339","2015-12-23 03:00:00","Succeeded (3D)",-21.6121597083923,-53.8918374524526,409,0.03,182.1,7.37,0.8,10,33,"4"
"340","2015-12-23 04:00:00","Succeeded (3D)",-21.6121155985786,-53.8917786574799,400,0.2,82.3,8.23,1.4,8,8,"4"
"341","2015-12-23 05:00:00","Succeeded (3D)",-21.6120714887399,-53.8917198625421,399,2.09,54.1,9.46,2,6,7,"4"
"342","2015-12-23 06:00:00","Succeeded (3D)",-21.6121053999326,-53.8918460247614,406,0.11,54.1,8.9,1.8,5,35,"4"
"343","2015-12-23 07:00:00","Succeeded (3D)",-21.6121145912508,-53.8918365547555,409,0.02,23.2,9.76,0.8,7,34,"4"
"344","2015-12-23 08:00:00","Succeeded (3D)",-21.6120779938668,-53.891864785229,353,0.04,293.2,8.35,1.2,6,34,"4"
"345","2015-12-23 09:00:00","Succeeded (3D)",-21.6121331417743,-53.8918079651931,416,0.14,211.6,8.91,2,5,11,"4"
"346","2015-12-23 10:00:00","Succeeded (3D)",-21.6122141847417,-53.8918192305875,430,0.36,165.2,10.58,1.6,5,47,"4"
"347","2015-12-23 11:00:00","Succeeded (3D)",-21.6121257971984,-53.8917112901856,410,0,4.9,8.41,2,6,44,"4"
"348","2015-12-23 12:00:00","Succeeded (3D)",-21.612116102235,-53.8917497088409,418,0,196.2,13.46,1.4,7,46,"4"
"349","2015-12-23 13:00:00","Succeeded (3D)",-21.6121981525154,-53.8917030768884,428,0,21.8,9.97,1.8,7,43,"4"
"350","2015-12-23 14:00:00","Succeeded (3D)",-21.6120691383293,-53.891854956146,384,0,187.7,8.66,1.2,7,36,"4"
"351","2015-12-23 15:00:00","Succeeded (3D)",-21.6120706493201,-53.8917681102599,404,0.04,139.9,9.67,1.4,7,22,"4"
"352","2015-12-23 16:00:00","Succeeded (3D)",-21.6121334775495,-53.8917886660987,397,0,44.3,21.03,1,7,46,"4"
"353","2015-12-23 17:00:00","Succeeded (3D)",-21.6121224394373,-53.8919042811162,407,0,342.4,13.73,1.2,6,46,"4"
"354","2015-12-23 18:00:00","Succeeded (3D)",-21.612088696178,-53.8917684693291,377,0.06,57,4.93,1.6,5,35,"4"
"355","2015-12-23 19:00:00","Succeeded (3D)",-21.6121062393763,-53.8917977770354,400,0,308.7,14.17,0.8,8,46,"4"
"356","2015-12-23 20:00:00","Succeeded (3D)",-21.6121430046369,-53.8917598969909,395,0,272.1,12.34,1,7,46,"4"
"357","2015-12-23 21:00:00","Succeeded (3D)",-21.6121219357539,-53.8919332297525,440,0.78,312.9,9.67,2.8,5,17,"4"
"358","2015-12-23 22:00:00","Succeeded (3D)",-21.6121157664647,-53.8917690079337,402,0.03,86.5,8.21,0.8,8,33,"4"
"359","2015-12-23 23:00:00","Succeeded (3D)",-21.6121425009782,-53.8917888456351,385,0.33,245.4,7.69,1.4,6,6,"4"
"360","2015-12-24 00:00:00","Succeeded (3D)",-21.612114927029,-53.891817255664,393,0,21.8,12.64,1.6,6,47,"4"
"361","2015-12-24 01:00:00","Succeeded (3D)",-21.612159540502,-53.8918471020011,402,0,252.4,14.92,1.2,7,46,"4"
"362","2015-12-24 02:00:00","Succeeded (3D)",-21.6121075824571,-53.891720580669,398,0,235.5,25.88,2.4,6,47,"4"
"363","2015-12-24 03:00:00","Succeeded (3D)",-21.6121052320422,-53.8918556743063,371,0.03,263.7,9.07,1.2,8,37,"4"
"364","2015-12-24 04:00:00","Succeeded (3D)",-21.612088696178,-53.8917684693291,411,0.26,225.7,9.06,1.2,8,10,"4"
"365","2015-12-24 05:00:00","Succeeded (3D)",-21.6121242862336,-53.891798136109,417,0,38.7,13.01,1.2,8,46,"4"
"366","2015-12-24 06:00:00","Succeeded (3D)",-21.6121608836089,-53.8917699056098,393,1.05,151.2,9.22,1,7,8,"4"
"367","2015-12-24 07:00:00","Succeeded (3D)",-21.612132805997,-53.8918272642872,403,0.1,75.2,9.54,1.4,6,8,"4"
"368","2015-12-24 08:00:00","Succeeded (3D)",-21.6121249577791,-53.8917595379218,418,0.05,353.7,8.74,1.2,6,35,"4"
"369","2015-12-24 09:00:00","Succeeded (3D)",-21.6119991334228,-53.8917280758318,439,0,335.4,9.5,2,6,30,"4"
"370","2015-12-24 10:00:00","Succeeded (3D)",-21.6121421652029,-53.8918081447307,403,0.02,45.7,9.3,1.2,6,33,"4"
"371","2015-12-24 11:00:00","Succeeded (3D)",-21.6121613872648,-53.8917409569615,407,0,17.6,20.22,2.2,5,46,"4"
"372","2015-12-24 12:00:00","Succeeded (3D)",-21.6121966415501,-53.8917899228556,391,0,4.9,10.97,1.2,6,46,"4"
"373","2015-12-24 13:00:00","Succeeded (3D)",-21.6121526996033,-53.8917214783298,391,0.04,348,9.88,1.8,5,10,"4"
"374","2015-12-24 14:00:00","Succeeded (3D)",-21.6121331417743,-53.8918079651931,408,0,96.3,6.6,1,7,39,"4"
"375","2015-12-24 15:00:00","Succeeded (3D)",-21.612150349183,-53.8918565720088,397,0,324.1,9.2,1.4,6,16,"4"
"376","2015-12-24 16:00:00","Succeeded (3D)",-21.6120776580837,-53.8918840843147,371,0,156.8,13.9,1,6,46,"4"
"377","2015-12-24 17:00:00","Succeeded (3D)",-21.6121326381074,-53.8918369138341,408,0,49.9,10.03,1.2,6,46,"4"
"378","2015-12-24 18:00:00","Succeeded (3D)",-21.6121333096622,-53.8917983156459,404,0,272.1,9.41,1.2,6,39,"4"
"379","2015-12-24 19:00:00","Succeeded (3D)",-21.6122148562948,-53.8917806323771,397,0,334,9.79,1.2,6,25,"4"
"380","2015-12-24 20:00:00","Succeeded (3D)",-21.6121608836089,-53.8917699056098,406,0,19,10.17,1,7,46,"4"
"381","2015-12-24 21:00:00","Succeeded (3D)",-21.6121688997104,-53.891827982443,401,0.03,162.4,5.75,1.6,6,18,"4"
"382","2015-12-24 22:00:00","Succeeded (3D)",-21.6121247898935,-53.8917691874687,392,0,334,11.43,1,8,46,"4"
"383","2015-12-24 23:00:00","Succeeded (3D)",-21.6121241183458,-53.8918077856556,411,0,294.6,5.46,1.2,7,19,"4"
"384","2015-12-25 00:00:00","Succeeded (3D)",-21.612231056358,-53.8918871365385,368,0.02,220.1,9.37,1.4,8,34,"4"
"385","2015-12-25 01:00:00","Succeeded (3D)",-21.6121695712642,-53.8917893842449,404,0.02,217.3,9.59,1,8,35,"4"
"386","2015-12-25 02:00:00","Succeeded (3D)",-21.612069474109,-53.8918356570608,377,0,7.7,9.81,2,6,23,"4"
"387","2015-12-25 03:00:00","Succeeded (3D)",-21.6121052320422,-53.8918556743063,388,0.03,135.7,9.13,0.8,10,35,"4"
"388","2015-12-25 04:00:00","Succeeded (3D)",-21.6120972159476,-53.8917975974988,399,1.02,189.1,9.35,1.2,7,7,"4"
"389","2015-12-25 05:00:00","Succeeded (3D)",-21.6120258679441,-53.8917479135076,394,0,12,9.68,2,6,15,"4"
"390","2015-12-25 06:00:00","Succeeded (3D)",-21.6120878567434,-53.8918167170505,413,0,4.9,21.5,1.2,6,47,"4"
"391","2015-12-25 07:00:00","Succeeded (3D)",-21.6120427396007,-53.8918158193632,384,0.55,263.7,9.38,1.4,5,11,"4"
"392","2015-12-25 08:00:00","Succeeded (3D)",-21.6121785946928,-53.8917895637817,412,0.03,10.5,8.94,1,7,39,"4"
"393","2015-12-25 09:00:00","Succeeded (3D)",-21.6121881217814,-53.8917607946655,399,0.01,343.8,7.69,2.2,6,42,"4"
"394","2015-12-25 10:00:00","Succeeded (3D)",-21.6121510207428,-53.8918179738167,382,1.41,227.1,9.08,2,5,9,"4"
"395","2015-12-25 11:00:00","Succeeded (3D)",-21.6121431725221,-53.8917502474427,411,0,147,22.98,1.2,6,46,"4"
"396","2015-12-25 12:00:00","Succeeded (3D)",-21.6121617230325,-53.8917216578622,412,0.71,314.3,9.82,1.6,6,7,"4"
"397","2015-12-25 13:00:00","Succeeded (3D)",-21.6122516215547,-53.8917427523029,392,0,162.4,14.11,1.8,7,46,"4"
"398","2015-12-25 14:00:00","Succeeded (3D)",-21.6121518601801,-53.8917697260744,397,0,124.5,10.45,1.2,7,46,"4"
"399","2015-12-25 15:00:00","Succeeded (3D)",-21.612116102235,-53.8917497088409,429,0,310.1,5.63,1,9,36,"4"
"400","2015-12-25 16:00:00","Succeeded (3D)",-21.6121333096622,-53.8917983156459,381,1.42,179.3,7.97,1.2,5,6,"4"
"401","2015-12-25 17:00:00","Succeeded (3D)",-21.6121869465671,-53.8918283415214,417,0,73.8,18.02,1,7,46,"4"
"402","2015-12-25 18:00:00","Succeeded (3D)",-21.6121602120599,-53.8918085038062,383,0,206,12.13,1.4,5,46,"4"
"403","2015-12-25 19:00:00","Succeeded (3D)",-21.6121699070377,-53.8917700851453,388,0,135.7,9.99,0.8,9,39,"4"
"404","2015-12-25 20:00:00","Succeeded (3D)",-21.6121699070377,-53.8917700851453,406,2.03,203.2,9.66,1,7,6,"4"
"405","2015-12-25 21:00:00","Succeeded (3D)",-21.6121059036005,-53.8918170761261,424,0.55,301.6,9.05,1.2,6,6,"4"
"406","2015-12-25 22:00:00","Succeeded (3D)",-21.6121694033766,-53.8917990337946,397,0,170.9,39.23,1,8,46,"4"
"407","2015-12-25 23:00:00","Succeeded (3D)",-21.6121694033766,-53.8917990337946,378,0.01,220.1,9.44,1.2,7,23,"4"
"408","2015-12-26 00:00:00","Succeeded (3D)",-21.6122223687158,-53.8918676578903,403,0.2,343.8,9.86,1.6,8,34,"4"
"409","2015-12-26 01:00:00","Succeeded (3D)",-21.6121171095327,-53.8916918115603,412,0.02,190.5,8.22,0.8,10,33,"4"
"410","2015-12-26 02:00:00","Succeeded (3D)",-21.6120616258912,-53.8917679307254,371,0,38.7,7.17,1.4,7,19,"4"
"411","2015-12-26 03:00:00","Succeeded (3D)",-21.6120788333149,-53.8918165375129,432,0,179.3,12.86,1,9,46,"4"
"412","2015-12-26 04:00:00","Succeeded (3D)",-21.6121055678224,-53.8918363752164,397,0.09,359.3,9.17,2.2,6,33,"4"
"413","2015-12-26 05:00:00","Succeeded (3D)",-21.6120805121692,-53.8917200420737,408,0.12,215.9,9.78,1.4,7,8,"4"
"414","2015-12-26 06:00:00","Succeeded (3D)",-21.612142668865,-53.8917791960871,422,0.18,359.3,9.59,1.6,5,6,"4"
"415","2015-12-26 07:00:00","Succeeded (3D)",-21.6121513565194,-53.8917986747201,410,0.19,265.1,9.68,1.8,5,17,"4"
"416","2015-12-26 08:00:00","Succeeded (3D)",-21.61199896554,-53.8917377253707,389,0.05,201.8,48.45,3,4,58,"4"
"417","2015-12-26 09:00:00","Succeeded (3D)",-21.6120258679441,-53.8917479135076,413,0,328.4,44.84,2.6,5,47,"4"
"418","2015-12-26 10:00:00","Succeeded (3D)",-21.612160379948,-53.8917988542573,393,0,336.8,12.36,2,5,48,"4"
"419","2015-12-26 11:00:00","Succeeded (3D)",-21.6121532032506,-53.8916925296819,412,0,102,21.25,2,6,46,"4"
"420","2015-12-26 12:00:00","Succeeded (3D)",-21.6121331417743,-53.8918079651931,396,0,317.1,9.15,1,8,39,"4"
"421","2015-12-26 13:00:00","Succeeded (3D)",-21.6122053292024,-53.8918094014966,391,0.09,355.1,7.49,1.4,7,18,"4"
"422","2015-12-26 14:00:00","Succeeded (3D)",-21.6122053292024,-53.8918094014966,411,0,204.6,15.65,1,8,46,"4"
"423","2015-12-26 15:00:00","Succeeded (3D)",-21.612116102235,-53.8917497088409,427,0,312.9,11.88,1.2,7,46,"4"
"424","2015-12-26 16:00:00","Succeeded (3D)",-21.6121694033766,-53.8917990337946,395,0.41,33,6.93,1.4,5,9,"4"
"425","2015-12-26 17:00:00","Succeeded (3D)",-21.6120881925189,-53.8917974179623,403,0,86.5,9.89,1,7,35,"4"
"426","2015-12-26 18:00:00","Succeeded (3D)",-21.6121241183458,-53.8918077856556,408,0,269.3,12.69,1.2,5,46,"4"
"427","2015-12-26 19:00:00","Succeeded (3D)",-21.6121072466902,-53.8917398797612,421,0.1,315.7,8.78,1.4,5,29,"4"
"428","2015-12-26 20:00:00","Succeeded (3D)",-21.6121511886314,-53.8918083242684,392,0,12,86.5,1.6,4,46,"4"
"429","2015-12-26 21:00:00","Succeeded (3D)",-21.6121418294254,-53.891827443826,428,0.05,13.4,7.31,1,8,34,"4"
"430","2015-12-26 22:00:00","Succeeded (3D)",-21.6121523638357,-53.8917407774279,402,0.64,345.2,8.83,1.2,7,7,"4"
"431","2015-12-26 23:00:00","Succeeded (3D)",-21.6120888640632,-53.8917588197846,400,0,66.8,17.72,1.6,6,45,"4"
"432","2015-12-27 00:00:00","Succeeded (3D)",-21.6121789304665,-53.8917702646809,397,0.02,315.7,8.8,1,8,35,"4"
"433","2015-12-27 01:00:00","Succeeded (3D)",-21.6120895355985,-53.8917202216054,406,0.07,237,9.47,0.8,10,33,"4"
"434","2015-12-27 02:00:00","Succeeded (3D)",-21.6121605478355,-53.8917892047082,390,0.07,228.5,9.83,2,6,16,"4"
"435","2015-12-27 03:00:00","Succeeded (3D)",-21.6121326381074,-53.8918369138341,387,0.05,162.4,6.77,1,9,35,"4"
"436","2015-12-27 04:00:00","Succeeded (3D)",-21.6121774194674,-53.8918571106315,400,0.74,180.7,9.93,1.4,7,9,"4"
"437","2015-12-27 05:00:00","Succeeded (3D)",-21.6121600441713,-53.8918181533551,418,0,265.1,6,2.4,5,20,"4"
"438","2015-12-27 06:00:00","Succeeded (3D)",-21.6121249577791,-53.8917595379218,439,0,255.2,98.68,1.8,4,47,"4"
"439","2015-12-27 07:00:00","Succeeded (3D)",-21.6120960407231,-53.8918651443103,408,0.03,125.9,9.49,1,7,33,"4"
"440","2015-12-27 08:00:00","Succeeded (3D)",-21.612142668865,-53.8917791960871,404,0.02,75.2,9.62,1,7,39,"4"
"441","2015-12-27 09:00:00","Succeeded (3D)",-21.6121879538953,-53.8917704442166,409,0,19,11.14,2.8,6,46,"4"
"442","2015-12-27 10:00:00","Succeeded (3D)",-21.6121241183458,-53.8918077856556,406,0.14,130.1,9.97,1.8,5,10,"4"
"443","2015-12-27 11:00:00","Succeeded (3D)",-21.6121333096622,-53.8917983156459,397,0,92.1,23.42,2,6,46,"4"
"444","2015-12-27 12:00:00","Succeeded (3D)",-21.6120972159476,-53.8917975974988,407,0.01,352.3,9.83,1,8,33,"4"
"445","2015-12-27 13:00:00","Succeeded (3D)",-21.612133981208,-53.8917597174563,403,2.29,190.5,9.83,2.4,6,8,"4"
"446","2015-12-27 14:00:00","Succeeded (3D)",-21.6120796727491,-53.8917682897945,416,0.16,42.9,9.29,0.8,7,35,"4"
"447","2015-12-27 15:00:00","Succeeded (3D)",-21.6121166058864,-53.891720760201,410,0,274.9,26.89,2,6,46,"4"
"448","2015-12-27 16:00:00","Succeeded (3D)",-21.6121331417743,-53.8918079651931,406,0.06,170.9,7.53,1,7,34,"4"
"449","2015-12-27 17:00:00","Succeeded (3D)",-21.6121239504575,-53.8918174352021,416,0.93,259.5,9.68,1.2,6,6,"4"
"450","2015-12-27 18:00:00","Succeeded (3D)",-21.6121237825686,-53.8918270847485,415,0.29,87.9,5.69,1.2,5,37,"4"
"451","2015-12-27 19:00:00","Succeeded (3D)",-21.6121784268052,-53.891799213332,393,0.04,350.9,8.67,1,7,34,"4"
"452","2015-12-27 20:00:00","Succeeded (3D)",-21.6122235439479,-53.8918001110203,418,0.01,331.2,7.86,1.4,5,22,"4"
"453","2015-12-27 21:00:00","Succeeded (3D)",-21.61216121938,-53.8917506065111,420,0.04,152.6,7.74,1.2,7,33,"4"
"454","2015-12-27 22:00:00","Succeeded (3D)",-21.6120425717125,-53.8918254689042,366,0.31,210.2,9.93,1.4,5,7,"4"
"455","2015-12-27 23:00:00","Succeeded (3D)",-21.6122318958182,-53.8918388887727,392,0.01,217.3,34.31,1.4,7,46,"4"
"456","2015-12-28 00:00:00","Succeeded (3D)",-21.6121341490931,-53.8917500679087,407,0,109,23.61,1.8,7,47,"4"
"457","2015-12-28 01:00:00","Succeeded (3D)",-21.6121969773241,-53.8917706237524,402,0,228.5,10.53,1,9,46,"4"
"458","2015-12-28 02:00:00","Succeeded (3D)",-21.6120992305545,-53.8916818029541,413,0.27,80.9,20.01,2.6,5,47,"4"
"459","2015-12-28 03:00:00","Succeeded (3D)",-21.6120890319479,-53.8917491702399,421,0.03,2.1,13.88,3,7,47,"4"
"460","2015-12-28 04:00:00","Succeeded (3D)",-21.6121876181215,-53.8917897433186,395,0.09,328.4,8.73,2.4,6,34,"4"
"461","2015-12-28 05:00:00","Succeeded (3D)",-21.6119124245222,-53.8915236403101,420,0,30.2,18.93,1.2,7,47,"4"
"462","2015-12-28 06:00:00","Succeeded (3D)",-21.6122237118359,-53.8917904614671,396,0,169.5,12.96,1.2,6,46,"4"
"463","2015-12-28 07:00:00","Succeeded (3D)",-21.6121790983525,-53.8917606151304,406,0.06,166.6,7.88,1,8,34,"4"
"464","2015-12-28 08:00:00","Succeeded (3D)",-21.6121824133415,-53.8920888793513,334,0,322.7,18.58,2.4,5,46,"4"
"465","2015-12-28 09:00:00","Succeeded (3D)",-21.6123212906355,-53.891888931977,338,0,234.1,22.73,1.8,5,47,"4"
"466","2015-12-28 10:00:00","Succeeded (3D)",-21.612107078806,-53.8917495293071,412,0,118.8,21.39,1.6,5,48,"4"
"467","2015-12-28 11:00:00","Succeeded (3D)",-21.6121625624422,-53.8916734101122,408,0,293.2,49.29,2.4,4,46,"4"
"468","2015-12-28 12:00:00","Succeeded (3D)",-21.6121877860087,-53.8917800937677,404,0,179.3,14.04,1.6,6,46,"4"
"469","2015-12-28 13:00:00","Succeeded (3D)",-21.6121244541208,-53.8917884865623,403,0.04,246.8,9.93,1.8,7,34,"4"
"470","2015-12-28 14:00:00","Succeeded (3D)",-21.6121784268052,-53.891799213332,416,0.02,30.2,9.71,1,8,34,"4"
"471","2015-12-28 15:00:00","Succeeded (3D)",-21.6121145912508,-53.8918365547555,387,0,118.8,6.59,1.2,6,11,"4"
"472","2015-12-28 16:00:00","Succeeded (3D)",-21.6121602120599,-53.8918085038062,394,0.07,127.3,8.99,1.2,6,35,"4"
"473","2015-12-28 17:00:00","Succeeded (3D)",-21.6121592047197,-53.891866401098,407,0,280.5,9.64,0.8,8,39,"4"
"474","2015-12-28 18:00:00","Succeeded (3D)",-21.6121593726111,-53.8918567515496,395,0,142.7,11.71,1.2,6,46,"4"
"475","2015-12-28 19:00:00","Succeeded (3D)",-21.6120880246315,-53.8918070675064,393,0.03,165.2,6.72,0.8,9,33,"4"
"476","2015-12-28 20:00:00","Succeeded (3D)",-21.6121419973144,-53.8918177942784,405,0,62.6,9.68,1,7,14,"4"
"477","2015-12-28 21:00:00","Succeeded (3D)",-21.6121341490931,-53.8917500679087,418,0.1,131.5,8.4,1.4,5,14,"4"
"478","2015-12-28 22:00:00","Succeeded (3D)",-21.6121423330908,-53.891798495183,399,0,68.2,90.66,1.4,6,46,"4"
"479","2015-12-28 23:00:00","Succeeded (3D)",-21.6121782589169,-53.8918088628821,424,0,83.7,30.48,3.8,5,47,"4"
"480","2015-12-29 00:00:00","Succeeded (3D)",-21.6122048255336,-53.8918383501519,387,0,291.8,19.42,1,8,47,"4"
"481","2015-12-29 01:00:00","Succeeded (3D)",-21.6122313921438,-53.8918678374325,400,0.04,10.5,6.3,1,9,34,"4"
"482","2015-12-29 02:00:00","Succeeded (3D)",-21.6121510207428,-53.8918179738167,412,0.01,343.8,9.11,1,8,37,"4"
"483","2015-12-29 03:00:00","Succeeded (3D)",-21.612132805997,-53.8918272642872,393,0.02,17.6,9.97,1.2,7,22,"4"
"484","2015-12-29 04:00:00","Succeeded (3D)",-21.6121336454362,-53.8917790165513,408,0,7.7,9.45,2.6,6,13,"4"
"485","2015-12-29 05:00:00","Succeeded (3D)",-21.612133981208,-53.8917597174563,404,0,324.1,22,1.4,7,46,"4"
"486","2015-12-29 06:00:00","Succeeded (3D)",-21.6121060714887,-53.8918074265808,404,0,332.6,8.62,1.2,6,29,"4"
"487","2015-12-29 07:00:00","Succeeded (3D)",-21.6122608128687,-53.8917332822814,429,0.02,31.6,4.8,1,7,37,"4"
"488","2015-12-29 08:00:00","Succeeded (3D)",-21.6122044897516,-53.891857649255,344,0.03,336.8,8.01,1.2,6,39,"4"
"489","2015-12-29 09:00:00","Succeeded (3D)",-21.6125017591872,-53.8918925228819,303,0,204.6,11.7,3.4,6,47,"4"
"490","2015-12-29 10:00:00","Succeeded (3D)",-21.6121242862336,-53.891798136109,386,0.01,87.9,9.87,1.8,5,40,"4"
"491","2015-12-29 11:00:00","Succeeded (3D)",-21.6121239504575,-53.8918174352021,388,0,201.8,21.1,2.6,6,46,"4"
"492","2015-12-29 12:00:00","Succeeded (3D)",-21.6120972159476,-53.8917975974988,394,0.01,203.2,6.21,1,8,34,"4"
"493","2015-12-29 13:00:00","Succeeded (3D)",-21.6121059036005,-53.8918170761261,407,1.91,298.8,8.15,1.4,7,6,"4"
"494","2015-12-29 14:00:00","Succeeded (3D)",-21.6121690675997,-53.8918183328936,420,0,327,14.97,2,5,46,"4"
"495","2015-12-29 15:00:00","Succeeded (3D)",-21.612132805997,-53.8918272642872,383,0.01,72.4,9.77,1,8,34,"4"
"496","2015-12-29 16:00:00","Succeeded (3D)",-21.6121508528537,-53.8918276233649,406,0.26,121.6,5.65,1.2,6,8,"4"
"497","2015-12-29 17:00:00","Succeeded (3D)",-21.6120601149011,-53.8918547766061,384,1.11,266.5,9.64,3,5,8,"4"
"498","2015-12-29 18:00:00","Succeeded (3D)",-21.6120064779984,-53.8918247507537,387,0.04,138.5,31.92,2,4,52,"4"
"499","2015-12-29 19:00:00","Succeeded (3D)",-21.6122509500094,-53.8917813505243,386,0,158.2,13.66,1,7,46,"4"
"500","2015-12-29 20:00:00","Succeeded (3D)",-21.6121428367512,-53.8917695465391,405,0.09,66.8,9.83,1,7,10,"4"
"501","2015-12-29 21:00:00","Succeeded (3D)",-21.6121249577791,-53.8917595379218,407,0,189.1,9.2,1,7,37,"4"
"502","2015-12-29 22:00:00","Succeeded (3D)",-21.6120908786424,-53.8916430252426,401,0,235.5,9.75,1.4,6,21,"4"
"503","2015-12-29 23:00:00","Succeeded (3D)",-21.6120342198331,-53.8917866912042,415,0,125.9,14.25,0.8,9,47,"4"
"504","2015-12-30 00:00:00","Succeeded (3D)",-21.6121526996033,-53.8917214783298,401,0,265.1,10.88,1,8,46,"4"
"505","2015-12-30 01:00:00","Succeeded (3D)",-21.6121692354884,-53.8918086833441,409,0.38,179.3,9.64,1.2,7,6,"4"
"506","2015-12-30 02:00:00","Succeeded (3D)",-21.6121331417743,-53.8918079651931,400,0,57,13.03,1.4,8,47,"4"
"507","2015-12-30 03:00:00","Succeeded (3D)",-21.6121700749236,-53.8917604355954,421,0,62.6,9.08,0.8,10,40,"4"
"508","2015-12-30 04:00:00","Succeeded (3D)",-21.6120778259755,-53.8918744347719,384,0.08,322.7,9.82,1.8,6,33,"4"
"509","2015-12-30 05:00:00","Succeeded (3D)",-21.6121065751498,-53.8917784779444,398,0,41.5,10.88,1.6,6,46,"4"
"510","2015-12-30 06:00:00","Succeeded (3D)",-21.6121425009782,-53.8917888456351,397,0,79.5,8.82,1.4,5,31,"4"
"511","2015-12-30 07:00:00","Succeeded (3D)",-21.6121964736623,-53.891799572407,420,0.04,121.6,8.74,0.8,8,35,"4"
"512","2015-12-30 08:00:00","Succeeded (3D)",-21.6123323287545,-53.8917733168004,352,0,321.3,9.51,1.2,5,12,"4"
"513","2015-12-30 09:00:00","Succeeded (3D)",-21.6120066458863,-53.8918151012151,443,0,321.3,15.14,1.6,6,47,"4"
"514","2015-12-30 10:00:00","Succeeded (3D)",-21.612133981208,-53.8917597174563,410,0,54.1,39.01,1.6,4,46,"4"
"515","2015-12-30 11:00:00","Succeeded (3D)",-21.6121607157225,-53.8917795551591,405,0,141.3,23.82,1.6,5,46,"4"
"516","2015-12-30 12:00:00","Succeeded (3D)",-21.6120795048633,-53.8917779393383,424,0,21.8,18.45,2.8,5,46,"4"
"517","2015-12-30 13:00:00","Succeeded (3D)",-21.6122054970908,-53.8917997519447,407,0,194.8,10,1.6,7,41,"4"
"518","2015-12-30 14:00:00","Succeeded (3D)",-21.612142668865,-53.8917791960871,396,0,248.2,9.55,1.6,6,14,"4"
"519","2015-12-30 15:00:00","Succeeded (3D)",-21.6122320637086,-53.8918292392192,416,0.03,241.2,8.38,1,7,35,"4"
"520","2015-12-30 16:00:00","Succeeded (3D)",-21.6122056649787,-53.8917901023926,430,0,159.6,66.16,2.6,4,46,"4"
"521","2015-12-30 17:00:00","Succeeded (3D)",-21.6121334775495,-53.8917886660987,403,0,10.5,22.53,2,5,46,"4"
"522","2015-12-30 18:00:00","Succeeded (3D)",-21.6120977196069,-53.8917686488639,397,0,90.7,8.53,1.2,6,39,"4"
"523","2015-12-30 19:00:00","Succeeded (3D)",-21.6121430046369,-53.8917598969909,408,0.43,139.9,9.21,1.2,6,10,"4"
"524","2015-12-30 20:00:00","Succeeded (3D)",-21.6121346527449,-53.8917211192652,412,0,318.5,11.78,1,7,46,"4"
"525","2015-12-30 21:00:00","Succeeded (3D)",-21.6120699777742,-53.8918067084324,379,0.16,338.2,8.7,1.4,5,7,"4"
"526","2015-12-30 22:00:00","Succeeded (3D)",-21.6121600441713,-53.8918181533551,389,0.04,137.1,8.82,0.8,9,34,"4"
"527","2015-12-30 23:00:00","Succeeded (3D)",-21.6122245512678,-53.8917422136995,447,0,215.9,16.22,1,8,47,"4"
"528","2015-12-31 00:00:00","Succeeded (3D)",-21.611956534445,-53.8915824351265,438,0,48.5,31.85,2.4,6,48,"4"
"529","2015-12-31 01:00:00","Succeeded (3D)",-21.6121430046369,-53.8917598969909,410,0,196.2,12.04,1,8,48,"4"
"530","2015-12-31 02:00:00","Succeeded (3D)",-21.612096880172,-53.8918168965883,381,0,97.7,14.23,0.8,9,46,"4"
"531","2015-12-31 03:00:00","Succeeded (3D)",-21.6121608836089,-53.8917699056098,417,1.24,244,6.91,1,9,6,"4"
"532","2015-12-31 04:00:00","Succeeded (3D)",-21.6120716566222,-53.8917102129983,419,0,9.1,9.31,3.2,6,27,"4"
"533","2015-12-31 05:00:00","Succeeded (3D)",-21.6122422623544,-53.891761871878,398,0,104.8,13.87,1.6,6,46,"4"
"534","2015-12-31 06:00:00","Succeeded (3D)",-21.6121334775495,-53.8917886660987,406,0,335.4,48.09,1.2,6,47,"4"
"535","2015-12-31 07:00:00","Succeeded (3D)",-21.6121419973144,-53.8918177942784,424,0.39,151.2,8.74,1.2,6,5,"4"
"536","2015-12-31 08:00:00","Succeeded (3D)",-21.6121959699954,-53.8918285210608,399,0,2.1,47.79,1.2,6,47,"4"
"537","2015-12-31 09:00:00","Succeeded (3D)",-21.6120795048633,-53.8917779393383,420,0.4,315.7,9.31,1.4,7,39,"4"
"538","2015-12-31 10:00:00","Succeeded (3D)",-21.6119773930172,-53.8919400065765,304,0,49.9,7.89,1.2,6,20,"4"
"539","2015-12-31 11:00:00","Succeeded (3D)",-21.6122410871369,-53.891829418759,403,0,7.7,42.24,1.2,6,46,"4"
"540","2015-12-31 12:00:00","Succeeded (3D)",-21.6121511886314,-53.8918083242684,407,0.01,135.7,9.17,1,7,45,"4"
"541","2015-12-31 13:00:00","Succeeded (3D)",-21.6121876181215,-53.8917897433186,394,0,85.1,9.76,1.6,6,31,"4"
"542","2015-12-31 14:00:00","Succeeded (3D)",-21.6121244541208,-53.8917884865623,402,0,239.8,16.66,1.6,6,46,"4"
"543","2015-12-31 15:00:00","Succeeded (3D)",-21.6121314628651,-53.8919044606597,377,0,220.1,10.39,3,5,46,"4"
"544","2015-12-31 16:00:00","Succeeded (3D)",-21.6121881217814,-53.8917607946655,397,0.21,125.9,9.09,1.8,5,38,"4"
"545","2015-12-31 17:00:00","Succeeded (3D)",-21.612160379948,-53.8917988542573,411,0.15,62.6,5.78,3.8,5,33,"4"
"546","2015-12-31 18:00:00","Succeeded (3D)",-21.6122511178965,-53.8917717009691,430,0.42,163.8,27.28,1.2,4,63,"4"
"547","2015-12-31 19:00:00","Succeeded (3D)",-21.6121423330908,-53.891798495183,395,0,96.3,14.46,1,7,46,"4"
"548","2015-12-31 20:00:00","Succeeded (3D)",-21.6121064072633,-53.89178812749,402,0,72.4,14.15,1.4,6,46,"4"
"549","2015-12-31 21:00:00","Succeeded (3D)",-21.6121430046369,-53.8917598969909,395,0,75.2,16.76,1.2,6,46,"4"
"550","2015-12-31 22:00:00","Succeeded (3D)",-21.612097551721,-53.891778298409,403,0.92,38.7,8.55,1.4,6,8,"4"
"551","2015-12-31 23:00:00","Succeeded (3D)",-21.6122051613133,-53.8918190510485,395,0.15,266.5,9.79,1.2,6,35,"4"
"552","2016-01-01 00:00:00","Succeeded (3D)",-21.6121699070377,-53.8917700851453,401,0,45.7,19.52,1,8,46,"4"
"553","2016-01-01 01:00:00","Succeeded (3D)",-21.6121142554704,-53.8918558538466,385,0.31,17.6,9.97,1.4,7,26,"4"
"554","2016-01-01 02:00:00","Succeeded (3D)",-21.6121247898935,-53.8917691874687,408,0.1,251,8.93,1,9,35,"4"
"555","2016-01-01 03:00:00","Succeeded (3D)",-21.6121605478355,-53.8917892047082,399,0.15,339.6,9.7,1,9,9,"4"
"556","2016-01-01 04:00:00","Succeeded (3D)",-21.6120978874922,-53.8917589993187,413,0.17,175.1,9.68,1.2,8,40,"4"
"557","2016-01-01 05:00:00","Succeeded (3D)",-21.6121511886314,-53.8918083242684,410,0.34,170.9,9.87,1.6,6,6,"4"
"558","2016-01-01 06:00:00","Succeeded (3D)",-21.6121511886314,-53.8918083242684,394,0,54.1,11.4,1,7,47,"4"
"559","2016-01-01 07:00:00","Succeeded (3D)",-21.6121694033766,-53.8917990337946,426,0.11,13.4,7.26,1,7,7,"4"
"560","2016-01-01 08:00:00","Succeeded (3D)",-21.6121169416512,-53.8917014611073,407,0.1,331.2,9.6,1,7,33,"4"
"561","2016-01-01 09:00:00","Succeeded (3D)",-21.6121518601801,-53.8917697260744,400,0.02,356.5,8.84,4,5,10,"4"
"562","2016-01-01 10:00:00","Succeeded (3D)",-21.6122049934237,-53.8918287006003,408,0,82.3,33.11,1.6,6,47,"4"
"563","2016-01-01 11:00:00","Succeeded (3D)",-21.6121419973144,-53.8918177942784,398,0,214.5,13.63,0.8,8,46,"4"
"564","2016-01-01 12:00:00","Succeeded (3D)",-21.6120967122833,-53.8918265461329,395,0.09,64,8.09,1,7,7,"4"
"565","2016-01-01 13:00:00","Succeeded (3D)",-21.6121593726111,-53.8918567515496,403,0,127.3,9.64,1.6,6,32,"4"
"566","2016-01-01 14:00:00","Succeeded (3D)",-21.6121152628049,-53.8917979565722,403,0,131.5,14.15,0.8,8,46,"4"
"567","2016-01-01 15:00:00","Succeeded (3D)",-21.612132805997,-53.8918272642872,401,1.39,6.3,7.45,1,8,6,"4"
"568","2016-01-01 16:00:00","Succeeded (3D)",-21.6121237825686,-53.8918270847485,395,0.67,213,9.22,1.4,6,7,"4"
"569","2016-01-01 17:00:00","Succeeded (3D)",-21.6121592047197,-53.891866401098,421,0,104.8,7.78,4.4,5,29,"4"
"570","2016-01-01 18:00:00","Succeeded (3D)",-21.6120221743642,-53.8919602033764,424,0.07,300.2,49.04,3.2,4,51,"4"
"571","2016-01-01 19:00:00","Succeeded (3D)",-21.6122415908049,-53.8918004700963,398,0.02,92.1,9.27,1,8,33,"4"
"572","2016-01-01 20:00:00","Succeeded (3D)",-21.6121226073307,-53.8918946315705,431,0,82.3,6.55,1,7,17,"4"
"573","2016-01-01 21:00:00","Succeeded (3D)",-21.6121511886314,-53.8918083242684,426,0.04,65.4,8.53,1.4,5,17,"4"
"574","2016-01-01 22:00:00","Succeeded (3D)",-21.6121237825686,-53.8918270847485,393,0,117.4,42.17,1,8,46,"4"
"575","2016-01-01 23:00:00","Succeeded (3D)",-21.6120972159476,-53.8917975974988,407,0,312.9,13.31,1,9,47,"4"
"576","2016-01-02 00:00:00","Succeeded (3D)",-21.6121413257549,-53.8918563924682,395,0,135.7,8.9,1,8,30,"4"
"577","2016-01-02 01:00:00","Succeeded (3D)",-21.6120631368361,-53.8916810848371,399,0.07,241.2,8.52,1.2,7,34,"4"
"578","2016-01-02 02:00:00","Succeeded (3D)",-21.6121336454362,-53.8917790165513,413,0,64,14.37,1.2,8,47,"4"
"579","2016-01-02 03:00:00","Succeeded (3D)",-21.6121431725221,-53.8917502474427,401,0.04,137.1,8.96,0.8,10,36,"4"
"580","2016-01-02 04:00:00","Succeeded (3D)",-21.6121515244069,-53.8917890251716,421,0,259.5,9.17,1.4,7,15,"4"
"581","2016-01-02 05:00:00","Succeeded (3D)",-21.612160379948,-53.8917988542573,413,0,158.2,8.02,2.4,5,27,"4"
"582","2016-01-02 06:00:00","Succeeded (3D)",-21.6120703135483,-53.8917874093464,401,0,12,11.37,0.8,9,47,"4"
"583","2016-01-02 07:00:00","Succeeded (3D)",-21.6121871144565,-53.8918186919709,384,0.97,182.1,7.07,1,7,8,"4"
"584","2016-01-02 08:00:00","Succeeded (3D)",-21.6121520280658,-53.8917600765257,400,0.31,34.5,9.28,1.4,5,13,"4"
"585","2016-01-02 09:00:00","Succeeded (3D)",-21.6121157664647,-53.8917690079337,419,0,71,13.04,1.4,6,47,"4"
"586","2016-01-02 10:00:00","Succeeded (3D)",-21.6121826238295,-53.8915579745476,460,0.03,234.1,8.93,2,5,36,"4"
"587","2016-01-02 11:00:00","Succeeded (3D)",-21.6121466979808,-53.8915476069081,433,0,346.6,54.74,1.4,6,46,"4"
"588","2016-01-02 12:00:00","Succeeded (3D)",-21.6121720895111,-53.8916446409889,427,0,125.9,12.57,1.4,7,46,"4"
"589","2016-01-02 13:00:00","Succeeded (3D)",-21.6121421652029,-53.8918081447307,409,0,355.1,12.21,2,6,46,"4"
"590","2016-01-02 14:00:00","Succeeded (3D)",-21.612231056358,-53.8918871365385,454,0.18,117.4,8.44,1,7,34,"4"
"591","2016-01-02 15:00:00","Succeeded (3D)",-21.612142668865,-53.8917791960871,413,0.16,93.5,7.42,1.2,6,5,"4"
"592","2016-01-02 16:00:00","Succeeded (3D)",-21.6121683960393,-53.8918569310905,405,0,69.6,31.97,2.2,4,46,"4"
"593","2016-01-02 17:00:00","Succeeded (3D)",-21.6121057357117,-53.8918267256713,404,0.1,38.7,6.71,1.2,6,37,"4"
"594","2016-01-02 18:00:00","Succeeded (3D)",-21.612114927029,-53.891817255664,400,0,194.8,8.21,0.8,8,34,"4"
"595","2016-01-02 19:00:00","Succeeded (3D)",-21.6121516922937,-53.8917793756231,407,0.88,357.9,7.94,1.2,6,10,"4"
"596","2016-01-02 20:00:00","Succeeded (3D)",-21.6121334775495,-53.8917886660987,411,0.06,4.9,9.51,1,6,33,"4"
"597","2016-01-02 21:00:00","Succeeded (3D)",-21.6121697391512,-53.8917797346952,417,0.03,163.8,8.34,0.8,9,34,"4"
"598","2016-01-02 22:00:00","Succeeded (3D)",-21.6120781617576,-53.8918551356859,371,0.6,359.3,9.22,1.2,7,8,"4"
"599","2016-01-02 23:00:00","Succeeded (3D)",-21.6121431725221,-53.8917502474427,398,0,48.5,7.07,1.8,6,13,"4"
"600","2016-01-03 00:00:00","Succeeded (3D)",-21.6122232081701,-53.8918194101265,391,0,44.3,16.21,1,8,47,"4"
"601","2016-01-03 01:00:00","Succeeded (3D)",-21.6120881925189,-53.8917974179623,376,0.09,54.1,7.81,1.6,7,21,"4"
"602","2016-01-03 02:00:00","Succeeded (3D)",-21.6121244541208,-53.8917884865623,411,0.08,40.1,9.36,1.2,8,34,"4"
"603","2016-01-03 03:00:00","Succeeded (3D)",-21.6121331417743,-53.8918079651931,395,0.07,66.8,9.87,1,9,33,"4"
"604","2016-01-03 04:00:00","Succeeded (3D)",-21.6121057357117,-53.8918267256713,375,0,54.1,8.91,2,7,38,"4"
"605","2016-01-03 05:00:00","Succeeded (3D)",-21.6121064072633,-53.89178812749,407,0,335.4,6.97,1.4,6,42,"4"
"606","2016-01-03 06:00:00","Succeeded (3D)",-21.6121336454362,-53.8917790165513,384,0,113.2,13.33,1.4,7,47,"4"
"607","2016-01-03 07:00:00","Succeeded (3D)",-21.6121779231388,-53.8918281619821,406,0,33,8.91,1.8,5,32,"4"
"608","2016-01-03 08:00:00","Succeeded (3D)",-21.6122410871369,-53.891829418759,395,0,183.5,16.93,1,7,46,"4"
"609","2016-01-03 09:00:00","Succeeded (3D)",-21.6122322315984,-53.8918195896657,405,0,341,9.55,3.2,5,40,"4"
"610","2016-01-03 10:00:00","Succeeded (3D)",-21.6121867786771,-53.8918379910719,383,0,267.9,22.61,2,5,47,"4"
"611","2016-01-03 11:00:00","Succeeded (3D)",-21.6121608836089,-53.8917699056098,404,0,256.6,14.55,1.2,7,46,"4"
"612","2016-01-03 12:00:00","Succeeded (3D)",-21.6121052320422,-53.8918556743063,405,0,284.8,9.58,2.4,6,21,"4"
"613","2016-01-03 13:00:00","Succeeded (3D)",-21.6121508528537,-53.8918276233649,403,0,208.8,13.09,1.8,6,46,"4"
"614","2016-01-03 14:00:00","Succeeded (3D)",-21.6121060714887,-53.8918074265808,408,0.06,145.5,8.58,1,7,33,"4"
"615","2016-01-03 15:00:00","Succeeded (3D)",-21.6121333096622,-53.8917983156459,408,0.02,86.5,9.67,1,7,36,"4"
"616","2016-01-03 16:00:00","Succeeded (3D)",-21.6121869465671,-53.8918283415214,399,0.07,21.8,9.89,1.4,5,34,"4"
"617","2016-01-03 17:00:00","Succeeded (3D)",-21.6121333096622,-53.8917983156459,411,0.09,51.3,8.56,1.4,6,34,"4"
"618","2016-01-03 18:00:00","Succeeded (3D)",-21.6121154306921,-53.8917883070261,402,0,332.6,9.74,1.2,5,23,"4"
"619","2016-01-03 19:00:00","Succeeded (3D)",-21.6122589661028,-53.8918394273942,415,0,73.8,51.95,1.2,6,46,"4"
"620","2016-01-03 20:00:00","Succeeded (3D)",-21.6121513565194,-53.8917986747201,406,0.33,41.5,9.66,1,6,8,"4"
"621","2016-01-03 21:00:00","Succeeded (3D)",-21.6122245512678,-53.8917422136995,406,0,197.6,11.29,0.8,9,46,"4"
"622","2016-01-03 22:00:00","Succeeded (3D)",-21.6120796727491,-53.8917682897945,419,0.41,66.8,8.96,1.2,7,5,"4"
"623","2016-01-03 23:00:00","Succeeded (3D)",-21.6121513565194,-53.8917986747201,397,0,284.8,8.06,1,8,33,"4"
"624","2016-01-04 00:00:00","Succeeded (3D)",-21.6121978167493,-53.8917223759928,400,0.69,277.7,9.17,1.2,6,8,"4"
"625","2016-01-04 01:00:00","Succeeded (3D)",-21.6121159343501,-53.8917593583873,400,0.04,37.3,8.51,1.2,7,34,"4"
"626","2016-01-04 02:00:00","Succeeded (3D)",-21.6121428367512,-53.8917695465391,414,0.05,51.3,9.98,1.8,6,15,"4"
"627","2016-01-04 03:00:00","Succeeded (3D)",-21.6121060714887,-53.8918074265808,441,0,249.6,4.44,0.8,9,37,"4"
"628","2016-01-04 04:00:00","Succeeded (3D)",-21.612046600875,-53.8915938798941,423,0,62.6,9.84,1.4,7,39,"4"
"629","2016-01-04 05:00:00","Succeeded (3D)",-21.6121610514947,-53.8917602560605,411,0,137.1,8.88,1.4,6,32,"4"
"630","2016-01-04 06:00:00","Succeeded (3D)",-21.612116102235,-53.8917497088409,396,0,75.2,30.7,0.8,8,47,"4"
"631","2016-01-04 07:00:00","Succeeded (3D)",-21.6121242862336,-53.891798136109,412,0.17,267.9,4.91,1.2,6,8,"4"
"632","2016-01-04 08:00:00","Succeeded (3D)",-21.6122053292024,-53.8918094014966,374,0,222.9,9.94,1,5,13,"4"
"633","2016-01-04 09:00:00","Succeeded (3D)",-21.6122053292024,-53.8918094014966,383,0.02,180.7,8.52,2.8,5,40,"4"
"634","2016-01-04 10:00:00","Succeeded (3D)",-21.6121351563917,-53.8916921706209,417,0,152.6,73.11,2.6,5,48,"4"
"635","2016-01-04 11:00:00","Succeeded (3D)",-21.6121092612579,-53.8916240852026,432,0,267.9,83.19,2.6,5,46,"4"
"636","2016-01-04 12:00:00","Succeeded (3D)",-21.6121608836089,-53.8917699056098,406,0.02,41.5,9.72,1.8,6,34,"4"
"637","2016-01-04 13:00:00","Succeeded (3D)",-21.6121607157225,-53.8917795551591,398,0,97.7,26.97,1.8,6,46,"4"
"638","2016-01-04 14:00:00","Succeeded (3D)",-21.6121785946928,-53.8917895637817,424,0,260.9,7.12,1.8,6,15,"4"
"639","2016-01-04 15:00:00","Succeeded (3D)",-21.612107078806,-53.8917495293071,394,0.78,206,8.46,1,7,37,"4"
"640","2016-01-04 16:00:00","Succeeded (3D)",-21.6121598762821,-53.8918278029039,397,0,40.1,7.51,1.6,5,29,"4"
"641","2016-01-04 17:00:00","Succeeded (3D)",-21.6120972159476,-53.8917975974988,414,0.08,9.1,9.4,1.4,6,34,"4"
"642","2016-01-04 18:00:00","Succeeded (3D)",-21.6120318693721,-53.8919217847655,413,0,106.2,14.58,1,7,46,"4"
"643","2016-01-04 19:00:00","Succeeded (3D)",-21.6122075117088,-53.891683957314,436,0,246.8,8.7,1.6,6,16,"4"
"644","2016-01-04 20:00:00","Succeeded (3D)",-21.6121047283676,-53.8918846229405,411,0,276.3,12.71,1.6,7,45,"4"
"645","2016-01-04 21:00:00","Succeeded (3D)",-21.6121530353687,-53.8917021792313,434,0,35.9,16.99,0.8,9,46,"4"
"646","2016-01-04 22:00:00","Succeeded (3D)",-21.6121242862336,-53.891798136109,392,0,293.2,5.06,1.2,8,14,"4"
"647","2016-01-04 23:00:00","Succeeded (3D)",-21.6120440826861,-53.8917386230318,412,0,263.7,10.08,0.8,10,47,"4"
"648","2016-01-05 00:00:00","Succeeded (3D)",-21.6121150949172,-53.8918076061182,398,0.01,124.5,7.92,1,8,33,"4"
"649","2016-01-05 01:00:00","Succeeded (3D)",-21.6121687318206,-53.8918376319922,390,0.38,194.8,7.49,2.8,5,10,"4"
"650","2016-01-05 02:00:00","Succeeded (3D)",-21.6121329738859,-53.8918176147402,399,0.17,42.9,7.19,1.2,8,35,"4"
"651","2016-01-05 03:00:00","Succeeded (3D)",-21.6121154306921,-53.8917883070261,403,1.14,159.6,8.23,1.2,7,5,"4"
"652","2016-01-05 04:00:00","Succeeded (3D)",-21.6121430046369,-53.8917598969909,410,0,72.4,14.59,1.2,8,47,"4"
"653","2016-01-05 05:00:00","Succeeded (3D)",-21.6121607157225,-53.8917795551591,412,0.01,163.8,9.1,0.8,8,34,"4"
"654","2016-01-05 06:00:00","Succeeded (3D)",-21.612107078806,-53.8917495293071,408,0.04,265.1,9.12,1,7,22,"4"
"655","2016-01-05 07:00:00","Succeeded (3D)",-21.6121236146791,-53.8918367342947,406,0.02,289,6.78,0.8,9,33,"4"
"656","2016-01-05 08:00:00","Succeeded (3D)",-21.612036402306,-53.8916612471667,394,0,34.5,13.79,1,7,47,"4"
"657","2016-01-05 09:00:00","Succeeded (3D)",-21.6120973838346,-53.8917879479539,423,0.22,127.3,9.36,2.6,5,27,"4"
"658","2016-01-05 10:00:00","Succeeded (3D)",-21.6121259650806,-53.8917016406381,400,0,20.4,41.97,2.2,5,51,"4"
"659","2016-01-05 11:00:00","Succeeded (3D)",-21.6121607157225,-53.8917795551591,405,0,251,54.27,1.4,7,46,"4"
"660","2016-01-05 12:00:00","Succeeded (3D)",-21.6121804414204,-53.8916834187228,420,0,253.8,9.38,1.8,7,44,"4"
"661","2016-01-05 13:00:00","Succeeded (3D)",-21.6121326381074,-53.8918369138341,385,0,20.4,9.99,2.2,5,12,"4"
"662","2016-01-05 14:00:00","Succeeded (3D)",-21.6121592047197,-53.891866401098,397,0.08,7.7,9.26,1,8,34,"4"
"663","2016-01-05 15:00:00","Succeeded (3D)",-21.6121147591402,-53.8918269052098,396,0.03,290.4,8.5,1,7,34,"4"
"664","2016-01-05 16:00:00","Succeeded (3D)",-21.6120978874922,-53.8917589993187,401,0.1,200.4,9.97,1.6,5,14,"4"
"665","2016-01-05 17:00:00","Succeeded (3D)",-21.6121520280658,-53.8917600765257,395,0.16,27.4,8.33,1.2,6,39,"4"
"666","2016-01-05 18:00:00","Succeeded (3D)",-21.6121501812917,-53.8918662215566,409,0,107.6,30.02,1.4,6,46,"4"
"667","2016-01-05 19:00:00","Succeeded (3D)",-21.6120957049396,-53.8918844433985,409,0,298.8,13.62,1.2,6,46,"4"
"668","2016-01-05 20:00:00","Succeeded (3D)",-21.6120698098864,-53.8918163579753,403,0.23,336.8,9.27,1,7,8,"4"
"669","2016-01-05 21:00:00","Succeeded (3D)",-21.6121697391512,-53.8917797346952,406,0.01,189.1,9.86,1,8,33,"4"
"670","2016-01-05 22:00:00","Succeeded (3D)",-21.6120885282922,-53.8917781188736,403,1.62,151.2,9.68,1.2,7,5,"4"
"671","2016-01-05 23:00:00","Succeeded (3D)",-21.6121069109212,-53.891759178853,390,0,180.7,19.62,1,8,47,"4"
"672","2016-01-06 00:00:00","Succeeded (3D)",-21.6121152628049,-53.8917979565722,397,0,159.6,9.42,1.2,7,31,"4"
"673","2016-01-06 01:00:00","Succeeded (3D)",-21.6121050641512,-53.8918653238511,397,0.14,30.2,9.11,1.6,6,43,"4"
"674","2016-01-06 02:00:00","Succeeded (3D)",-21.6121511886314,-53.8918083242684,424,0.07,100.5,12.04,1.2,7,47,"4"
"675","2016-01-06 03:00:00","Succeeded (3D)",-21.6122051613133,-53.8918190510485,395,0.02,23.2,9.95,1.2,8,35,"4"
"676","2016-01-06 04:00:00","Succeeded (3D)",-21.6120982232611,-53.8917397002281,411,0,65.4,7.34,2,6,36,"4"
"677","2016-01-06 05:00:00","Succeeded (3D)",-21.6120536097634,-53.8917098539366,420,0.03,7.7,7.13,1.6,5,34,"4"
"678","2016-01-06 06:00:00","Succeeded (3D)",-21.6120861778325,-53.8919132124863,432,0.02,298.8,9.07,0.8,9,33,"4"
"679","2016-01-06 07:00:00","Succeeded (3D)",-21.6120526024622,-53.891767751191,423,3.85,21.8,9.46,1,7,7,"4"
"680","2016-01-06 08:00:00","Succeeded (3D)",-21.6122058328661,-53.8917804528405,391,0,305.9,9.69,1,6,17,"4"
"681","2016-01-06 09:00:00","Succeeded (3D)",-21.6122329031521,-53.8917809914505,398,0.09,130.1,9.61,2.4,5,33,"4"
"682","2016-01-06 10:00:00","Succeeded (3D)",-21.6121707464617,-53.8917218373947,419,0,324.1,24.14,2.2,4,46,"4"
"683","2016-01-06 11:00:00","Succeeded (3D)",-21.6121247898935,-53.8917691874687,398,0.01,348,8.03,1,7,43,"4"
"684","2016-01-06 12:00:00","Succeeded (3D)",-21.6121333096622,-53.8917983156459,397,1.83,314.3,6.66,1.2,7,6,"4"
"685","2016-01-06 13:00:00","Succeeded (3D)",-21.6120699777742,-53.8918067084324,406,0.02,48.5,9.96,1.8,6,22,"4"
"686","2016-01-06 14:00:00","Succeeded (3D)",-21.6121780910281,-53.8918185124322,405,0,297.4,30.78,1.4,7,46,"4"
"687","2016-01-06 15:00:00","Succeeded (3D)",-21.6120978874922,-53.8917589993187,402,0.9,87.9,9.96,1.4,5,6,"4"
"688","2016-01-06 16:00:00","Succeeded (3D)",-21.6121864428955,-53.8918572901726,398,0.15,248.2,8.37,1.2,6,35,"4"
"689","2016-01-06 17:00:00","Succeeded (3D)",-21.6120622974278,-53.8917293325538,399,0,142.7,9.95,1.8,5,23,"4"
"690","2016-01-06 18:00:00","Succeeded (3D)",-21.612089199832,-53.8917395206952,396,0.02,231.3,9.18,1.2,6,35,"4"
"691","2016-01-06 19:00:00","Succeeded (3D)",-21.6121341490931,-53.8917500679087,398,0,7.7,7.26,0.8,8,36,"4"
"692","2016-01-06 20:00:00","Succeeded (3D)",-21.6121416615358,-53.8918370933735,388,1.38,4.9,9.19,1,7,5,"4"
"693","2016-01-06 21:00:00","Succeeded (3D)",-21.6122148562948,-53.8917806323771,415,0.02,127.3,7.96,0.8,8,34,"4"
"694","2016-01-06 22:00:00","Succeeded (3D)",-21.6121785946928,-53.8917895637817,404,0.41,163.8,6.39,1.2,6,6,"4"
"695","2016-01-06 23:00:00","Succeeded (3D)",-21.6121966415501,-53.8917899228556,389,0,218.7,10.8,2.6,5,47,"4"
"696","2016-01-07 00:00:00","Succeeded (3D)",-21.6120977196069,-53.8917686488639,409,0,242.6,10.09,1.4,8,47,"4"
"697","2016-01-07 01:00:00","Succeeded (3D)",-21.61203522714,-53.8917287939581,388,0.08,307.3,9.14,1,8,33,"4"
"698","2016-01-07 02:00:00","Succeeded (3D)",-21.6121688997104,-53.891827982443,382,0.04,328.4,9.17,0.8,10,38,"4"
"699","2016-01-07 03:00:00","Succeeded (3D)",-21.612170242809,-53.8917507860454,391,3.48,175.1,6.75,0.8,9,6,"4"
"700","2016-01-07 04:00:00","Succeeded (3D)",-21.6121699070377,-53.8917700851453,429,0,334,16.29,2.2,5,47,"4"
"701","2016-01-07 05:00:00","Succeeded (3D)",-21.6121249577791,-53.8917595379218,407,0.03,35.9,7.49,1.4,6,33,"4"
"702","2016-01-07 06:00:00","Succeeded (3D)",-21.6121516922937,-53.8917793756231,408,0,200.4,10.54,0.8,9,47,"4"
"703","2016-01-07 07:00:00","Succeeded (3D)",-21.6121533711319,-53.8916828801324,445,0.48,114.6,7.79,1,7,9,"4"
"704","2016-01-07 08:00:00","Succeeded (3D)",-21.6121963057739,-53.8918092219584,387,0,72.4,22.43,1.8,6,46,"4"
"705","2016-01-07 09:00:00","Succeeded (3D)",-21.6122248870367,-53.8917229145918,380,0,135.7,7.84,1.2,6,38,"4"
"706","2016-01-07 10:00:00","Succeeded (3D)",-21.6121959699954,-53.8918285210608,387,0.03,317.1,9.53,2,6,36,"4"
"707","2016-01-07 11:00:00","Succeeded (3D)",-21.6122063365248,-53.8917515041835,397,0,90.7,9.07,1.4,6,44,"4"
"708","2016-01-07 12:00:00","Succeeded (3D)",-21.6122150241816,-53.8917709828243,404,0,144.1,13.81,1.8,7,46,"4"
"709","2016-01-07 13:00:00","Succeeded (3D)",-21.6120967122833,-53.8918265461329,391,0,16.2,11.7,1.6,6,46,"4"
"710","2016-01-07 14:00:00","Succeeded (3D)",-21.6121942910697,-53.8919250165673,401,0,16.2,16.9,1.2,8,46,"4"
"711","2016-01-07 15:00:00","Succeeded (3D)",-21.612159540502,-53.8918471020011,375,0,30.2,10.74,1,7,46,"4"
"712","2016-01-07 16:00:00","Succeeded (3D)",-21.6121872823454,-53.8918090424202,420,0.11,356.5,9.68,1.8,5,15,"4"
"713","2016-01-07 17:00:00","Succeeded (3D)",-21.6120861778325,-53.8919132124863,488,0,44.3,30.91,1.6,5,46,"4"
"714","2016-01-07 18:00:00","Succeeded (3D)",-21.6121246220074,-53.8917788370156,423,0,106.2,6.27,1.4,5,18,"4"
"715","2016-01-07 19:00:00","Succeeded (3D)",-21.6121147591402,-53.8918269052098,399,0,37.3,24.57,1,7,46,"4"
"716","2016-01-07 20:00:00","Succeeded (3D)",-21.6121423330908,-53.891798495183,410,1.16,86.5,8.81,1.2,6,8,"4"
"717","2016-01-07 21:00:00","Succeeded (3D)",-21.6121344848615,-53.8917307688131,401,0.08,214.5,9.33,1.4,5,11,"4"
"718","2016-01-07 22:00:00","Succeeded (3D)",-21.6121137517956,-53.8918848024826,391,0,0.7,23,1.2,7,46,"4"
"719","2016-01-07 23:00:00","Succeeded (3D)",-21.6122225366078,-53.8918580083378,398,0,331.2,12.69,1.2,8,47,"4"
"720","2016-01-08 00:00:00","Succeeded (3D)",-21.6121537068928,-53.8916635810331,397,0.16,229.9,9.72,1.2,7,11,"4"
"721","2016-01-08 01:00:00","Succeeded (3D)",-21.6121617230325,-53.8917216578622,388,0.21,82.3,9.73,1.8,5,20,"4"
"722","2016-01-08 02:00:00","Succeeded (3D)",-21.6121053999326,-53.8918460247614,384,0,73.8,46.88,1,7,47,"4"
"723","2016-01-08 04:00:00","Succeeded (3D)",-21.6120885282922,-53.8917781188736,394,0.67,186.3,9.94,2,6,7,"4"
"724","2016-01-08 05:00:00","Succeeded (3D)",-21.6121072466902,-53.8917398797612,421,0.05,334,7.2,1.2,7,34,"4"
"725","2016-01-08 06:00:00","Succeeded (3D)",-21.6120876888549,-53.8918263665945,416,0,75.2,10,1,8,35,"4"
"726","2016-01-08 07:00:00","Succeeded (3D)",-21.6120510914728,-53.8918545970664,407,0.1,283.4,9.18,1.4,6,10,"4"
"727","2016-01-08 08:00:00","Succeeded (3D)",-21.6121338133224,-53.8917693670039,391,0.02,222.9,15.66,2,6,47,"4"
"728","2016-01-08 09:00:00","Succeeded (3D)",-21.6121516922937,-53.8917793756231,398,0,220.1,4.33,1.2,6,37,"4"
"729","2016-01-08 10:00:00","Succeeded (3D)",-21.6121155985786,-53.8917786574799,414,0.03,37.3,9.25,1.8,7,35,"4"
"730","2016-01-08 11:00:00","Succeeded (3D)",-21.6121605478355,-53.8917892047082,403,0,260.9,12.36,1,8,46,"4"
"731","2016-01-08 12:00:00","Succeeded (3D)",-21.6121680602557,-53.8918762301884,396,0,319.9,9.86,1.2,7,21,"4"
"732","2016-01-08 13:00:00","Succeeded (3D)",-21.6122150241816,-53.8917709828243,402,0.11,124.5,9.89,0.8,9,34,"4"
"733","2016-01-08 14:00:00","Succeeded (3D)",-21.6121244541208,-53.8917884865623,382,0,78,10.52,1,8,46,"4"
"734","2016-01-08 15:00:00","Succeeded (3D)",-21.6122335746968,-53.8917423932339,387,0.04,352.3,9.02,1.2,6,22,"4"
"735","2016-01-08 16:00:00","Succeeded (3D)",-21.6120721602657,-53.8916812643662,406,0.13,307.3,9.73,2,5,15,"4"
"736","2016-01-08 17:00:00","Succeeded (3D)",-21.6120990626737,-53.8916914525,418,0,30.2,42.41,1.8,5,46,"4"
"737","2016-01-08 18:00:00","Succeeded (3D)",-21.6120881925189,-53.8917974179623,402,0,267.9,11.14,1.2,6,46,"4"
"738","2016-01-08 19:00:00","Succeeded (3D)",-21.6120143261955,-53.8918924770631,382,0,180.7,16.19,1,7,46,"4"
"739","2016-01-08 20:00:00","Succeeded (3D)",-21.612051595141,-53.8918256484421,408,0.02,238.4,9.56,1.6,6,16,"4"
"740","2016-01-08 21:00:00","Succeeded (3D)",-21.6121323023267,-53.8918562129276,395,0,58.4,14.63,0.8,9,46,"4"
"741","2016-01-08 22:00:00","Succeeded (3D)",-21.6121244541208,-53.8917884865623,415,1.77,4.9,9.78,1.4,7,6,"4"
"742","2016-01-08 23:00:00","Succeeded (3D)",-21.6121598762821,-53.8918278029039,403,0.03,48.5,7.63,0.8,10,38,"4"
"743","2016-01-09 00:00:00","Succeeded (3D)",-21.6121600441713,-53.8918181533551,391,0,94.9,8.95,1.2,7,11,"4"
"744","2016-01-09 01:00:00","Succeeded (3D)",-21.6120355629045,-53.8917094948753,383,0,263.7,7.24,1.2,7,37,"4"
"745","2016-01-09 02:00:00","Succeeded (3D)",-21.6120972159476,-53.8917975974988,416,0,45.7,7.74,2.2,6,19,"4"
"746","2016-01-09 03:00:00","Succeeded (3D)",-21.6121607157225,-53.8917795551591,404,0.05,145.5,7.76,1,9,34,"4"
"747","2016-01-09 04:00:00","Succeeded (3D)",-21.6121242862336,-53.891798136109,403,0,42.9,9.99,0.8,8,35,"4"
"748","2016-01-09 05:00:00","Succeeded (3D)",-21.6121324702174,-53.8918465633809,422,0,255.2,6.59,1,7,45,"4"
"749","2016-01-09 06:00:00","Succeeded (3D)",-21.6121052320422,-53.8918556743063,416,0.99,305.9,9.13,1.4,6,8,"4"
"750","2016-01-09 07:00:00","Succeeded (3D)",-21.6122235439479,-53.8918001110203,405,0.04,85.1,9.59,1.2,6,33,"4"
"751","2016-01-09 08:00:00","Succeeded (3D)",-21.612142668865,-53.8917791960871,411,0,139.9,23.05,2.6,5,47,"4"
"752","2016-01-09 09:00:00","Succeeded (3D)",-21.6120688025474,-53.8918742552308,398,0.3,135.7,9.13,2,5,23,"4"
"753","2016-01-09 10:00:00","Succeeded (3D)",-21.6121523638357,-53.8917407774279,413,0,166.6,22.59,1.8,6,47,"4"
"754","2016-01-09 11:00:00","Succeeded (3D)",-21.6121150949172,-53.8918076061182,401,0,346.6,24.74,1.6,6,46,"4"
"755","2016-01-09 12:00:00","Succeeded (3D)",-21.6121968094374,-53.891780273304,401,0,335.4,26.39,2.4,6,46,"4"
"756","2016-01-09 13:00:00","Succeeded (3D)",-21.6121425009782,-53.8917888456351,394,0,125.9,11.64,1.4,6,46,"4"
"757","2016-01-09 14:00:00","Succeeded (3D)",-21.6121433404066,-53.8917405978944,414,0.01,34.5,9.83,2.4,6,15,"4"
"758","2016-01-09 15:00:00","Succeeded (3D)",-21.6121411578636,-53.8918660420154,394,0.06,49.9,7.74,1.4,5,37,"4"
"759","2016-01-09 16:00:00","Succeeded (3D)",-21.6121425009782,-53.8917888456351,407,0.1,87.9,6.33,1.2,6,33,"4"
"760","2016-01-09 17:00:00","Succeeded (3D)",-21.6120967122833,-53.8918265461329,400,0,218.7,17.36,1,7,46,"4"
"761","2016-01-09 18:00:00","Succeeded (3D)",-21.6121785946928,-53.8917895637817,411,0,142.7,9.04,1.2,7,29,"4"
"762","2016-01-09 19:00:00","Succeeded (3D)",-21.6122058328661,-53.8917804528405,430,0,109,7.91,1.4,6,46,"4"
"763","2016-01-09 20:00:00","Succeeded (3D)",-21.6121516922937,-53.8917793756231,413,0.07,142.7,4.4,1.2,6,42,"4"
"764","2016-01-09 21:00:00","Succeeded (3D)",-21.6121613872648,-53.8917409569615,410,0,4.9,10.63,1,8,46,"4"
"765","2016-01-09 22:00:00","Succeeded (3D)",-21.6121064072633,-53.89178812749,414,0,123,8.64,1.2,8,38,"4"
"766","2016-01-09 23:00:00","Succeeded (3D)",-21.6121879538953,-53.8917704442166,404,0.02,62.6,7.76,0.8,10,34,"4"
"767","2016-01-10 00:00:00","Succeeded (3D)",-21.6121959699954,-53.8918285210608,391,0.19,13.4,9.81,1,8,9,"4"
"768","2016-01-10 01:00:00","Succeeded (3D)",-21.6120283861391,-53.8916031703893,376,0.04,72.4,8.45,2.2,5,23,"4"
"769","2016-01-10 02:00:00","Succeeded (3D)",-21.6121598762821,-53.8918278029039,420,0,44.3,5.75,0.8,8,46,"4"
"770","2016-01-10 03:00:00","Succeeded (3D)",-21.6122332389256,-53.8917616923424,396,0.05,162.4,7.74,1.2,7,8,"4"
"771","2016-01-10 04:00:00","Succeeded (3D)",-21.6121859392188,-53.8918862388228,418,0,301.6,5.55,1.8,6,13,"4"
"772","2016-01-10 05:00:00","Succeeded (3D)",-21.6120970480601,-53.8918072470436,413,0.22,298.8,6.88,1.6,5,9,"4"
"773","2016-01-10 06:00:00","Succeeded (3D)",-21.6121774194674,-53.8918571106315,397,0,42.9,34.63,1.6,4,47,"4"
"774","2016-01-10 07:00:00","Succeeded (3D)",-21.6121598762821,-53.8918278029039,399,0.01,0.7,27.4,2,6,46,"4"
"775","2016-01-10 08:00:00","Succeeded (3D)",-21.612016844515,-53.8917477339748,424,0,327,33.27,2.6,5,47,"4"
"776","2016-01-10 09:00:00","Succeeded (3D)",-21.6120967122833,-53.8918265461329,424,0,199,15.77,1.2,6,48,"4"
"777","2016-01-10 10:00:00","Succeeded (3D)",-21.6121526996033,-53.8917214783298,410,0,227.1,22.19,2.4,5,46,"4"
"778","2016-01-10 11:00:00","Succeeded (3D)",-21.6121632339599,-53.8916348119106,424,0,335.4,16.69,1,7,46,"4"
"779","2016-01-10 12:00:00","Succeeded (3D)",-21.6121520280658,-53.8917600765257,403,0,208.8,11.25,1.4,7,46,"4"
"780","2016-01-10 13:00:00","Succeeded (3D)",-21.6122051613133,-53.8918190510485,408,0.31,329.8,8.18,1.2,7,36,"4"
"781","2016-01-10 14:00:00","Succeeded (3D)",-21.6121856034316,-53.8919055379226,397,0.06,87.9,13.97,1.6,5,46,"4"
"782","2016-01-10 15:00:00","Succeeded (3D)",-21.6121685639302,-53.8918472815414,379,0,163.8,18,1.8,5,46,"4"
"783","2016-01-10 16:00:00","Succeeded (3D)",-21.6121413257549,-53.8918563924682,397,0,20.4,28.12,1.6,6,46,"4"
"784","2016-01-10 17:00:00","Succeeded (3D)",-21.612097551721,-53.891778298409,403,0,162.4,10.84,1.2,5,46,"4"
"785","2016-01-10 18:00:00","Succeeded (3D)",-21.6120607864578,-53.8918161784379,432,0.04,334,8.45,1.2,7,34,"4"
"786","2016-01-10 19:00:00","Succeeded (3D)",-21.6121513565194,-53.8917986747201,413,0.4,64,7.4,1.4,6,6,"4"
"787","2016-01-10 20:00:00","Succeeded (3D)",-21.6120988947923,-53.8917011020458,396,0.03,255.2,7.36,1,7,33,"4"
"788","2016-01-10 21:00:00","Succeeded (3D)",-21.6121707464617,-53.8917218373947,410,0.02,92.1,9.84,1.2,6,30,"4"
"789","2016-01-10 22:00:00","Succeeded (3D)",-21.6121421652029,-53.8918081447307,397,0,40.1,14.25,1,8,46,"4"
"790","2016-01-10 23:00:00","Succeeded (3D)",-21.6121882896669,-53.8917511451143,404,0.07,37.3,9.11,0.8,8,33,"4"
"791","2016-01-11 00:00:00","Succeeded (3D)",-21.6121963057739,-53.8918092219584,392,0.05,234.1,9.17,1.2,7,20,"4"
"792","2016-01-11 01:00:00","Succeeded (3D)",-21.6121871144565,-53.8918186919709,385,0,2.1,21.75,1.8,6,46,"4"
"793","2016-01-11 02:00:00","Succeeded (3D)",-21.6121871144565,-53.8918186919709,390,0.05,125.9,6.46,0.8,7,36,"4"
"794","2016-01-11 03:00:00","Succeeded (3D)",-21.6122060007529,-53.8917708032883,415,0.06,180.7,8.83,1.2,5,10,"4"
"795","2016-01-11 04:00:00","Succeeded (3D)",-21.6121510207428,-53.8918179738167,409,0.05,280.5,8.21,1.4,7,34,"4"
"796","2016-01-11 05:00:00","Succeeded (3D)",-21.6121882896669,-53.8917511451143,404,0.49,33,8.1,1.6,5,16,"4"
"797","2016-01-11 06:00:00","Succeeded (3D)",-21.6121346527449,-53.8917211192652,415,0.04,142.7,6.12,1.2,7,34,"4"
"798","2016-01-11 07:00:00","Succeeded (3D)",-21.6120880246315,-53.8918070675064,375,0,304.5,16.8,1.8,4,47,"4"
"799","2016-01-11 08:00:00","Succeeded (3D)",-21.6120457614927,-53.891642127609,429,0,100.5,27.49,2.2,4,48,"4"
"800","2016-01-11 09:00:00","Succeeded (3D)",-21.6121608836089,-53.8917699056098,399,0,217.3,26.83,1.6,5,46,"4"
"801","2016-01-11 10:00:00","Succeeded (3D)",-21.6121688997104,-53.891827982443,387,0,256.6,18.7,2.2,6,47,"4"
"802","2016-01-11 11:00:00","Succeeded (3D)",-21.6120973838346,-53.8917879479539,395,0,199,9.28,1,8,37,"4"
"803","2016-01-11 12:00:00","Succeeded (3D)",-21.6121694033766,-53.8917990337946,391,0.02,57,9.05,1.4,6,21,"4"
"804","2016-01-11 13:00:00","Succeeded (3D)",-21.6121244541208,-53.8917884865623,414,0,186.3,7.52,0.8,9,35,"4"
"805","2016-01-11 14:00:00","Succeeded (3D)",-21.6120796727491,-53.8917682897945,387,0.05,151.2,9.01,1,8,34,"4"
"806","2016-01-11 15:00:00","Succeeded (3D)",-21.6121246220074,-53.8917788370156,392,2.04,173.7,9.5,1.2,6,7,"4"
"807","2016-01-11 16:00:00","Succeeded (3D)",-21.6121677244699,-53.8918955292859,412,0,73.8,29.21,2.2,5,46,"4"
"808","2016-01-11 17:00:00","Succeeded (3D)",-21.6121685639302,-53.8918472815414,404,0,65.4,12.05,1.2,6,46,"4"
"809","2016-01-11 18:00:00","Succeeded (3D)",-21.6120693062194,-53.8918453066035,408,0,165.2,8.43,1.2,6,19,"4"
"810","2016-01-11 19:00:00","Succeeded (3D)",-21.6121418294254,-53.891827443826,409,0.03,75.2,9.24,1.8,6,44,"4"
"811","2016-01-11 20:00:00","Succeeded (3D)",-21.6121695712642,-53.8917893842449,411,0,177.9,10.93,0.8,9,46,"4"
"812","2016-01-11 21:00:00","Succeeded (3D)",-21.6121237825686,-53.8918270847485,406,2.05,290.4,8.91,1,9,7,"4"
"813","2016-01-11 22:00:00","Succeeded (3D)",-21.6121498455073,-53.891885520652,397,0,52.7,14.66,1.2,8,46,"4"
"814","2016-01-11 23:00:00","Succeeded (3D)",-21.6121608836089,-53.8917699056098,398,0,85.1,18.19,2,7,47,"4"
"815","2016-01-12 00:00:00","Succeeded (3D)",-21.6120982232611,-53.8917397002281,390,0.03,308.7,8.2,1,9,34,"4"
"816","2016-01-12 01:00:00","Succeeded (3D)",-21.612088696178,-53.8917684693291,399,0,42.9,9.93,1.4,8,45,"4"
"817","2016-01-12 02:00:00","Succeeded (3D)",-21.6121241183458,-53.8918077856556,415,0,215.9,8.86,1.6,8,12,"4"
"818","2016-01-12 03:00:00","Succeeded (3D)",-21.6120825267207,-53.8916042475344,453,0.07,260.9,10,2.4,6,34,"4"
"819","2016-01-12 04:00:00","Succeeded (3D)",-21.6121419973144,-53.8918177942784,398,0.08,336.8,8.24,1.4,7,36,"4"
"820","2016-01-12 05:00:00","Succeeded (3D)",-21.6121530353687,-53.8917021792313,416,0,90.7,9.2,1.6,5,21,"4"
"821","2016-01-12 06:00:00","Succeeded (3D)",-21.6121331417743,-53.8918079651931,423,0.01,106.2,9.15,1,7,34,"4"
"822","2016-01-12 07:00:00","Succeeded (3D)",-21.6121597083923,-53.8918374524526,407,0.12,145.5,8.27,1,7,33,"4"
"823","2016-01-12 08:00:00","Succeeded (3D)",-21.6121974809809,-53.891741675097,399,0.02,217.3,22.45,3,6,47,"4"
"824","2016-01-12 09:00:00","Succeeded (3D)",-21.6122060007529,-53.8917708032883,433,0,356.5,7.37,1.2,6,39,"4"
"825","2016-01-12 10:00:00","Succeeded (3D)",-21.6121785946928,-53.8917895637817,410,0,274.9,15.54,1.2,6,48,"4"
"826","2016-01-12 11:00:00","Succeeded (3D)",-21.6121593726111,-53.8918567515496,396,0.05,90.7,8.3,1,8,37,"4"
"827","2016-01-12 12:00:00","Succeeded (3D)",-21.6121338133224,-53.8917693670039,401,1.27,111.8,4.73,1.4,7,6,"4"
"828","2016-01-12 13:00:00","Succeeded (3D)",-21.6121607157225,-53.8917795551591,404,0.03,128.7,6.67,1,8,44,"4"
"829","2016-01-12 14:00:00","Succeeded (3D)",-21.6121605478355,-53.8917892047082,421,0.02,66.8,9.84,1,8,34,"4"
"830","2016-01-12 15:00:00","Succeeded (3D)",-21.6120425717125,-53.8918254689042,432,0.08,152.6,9.15,1.2,6,19,"4"
"831","2016-01-12 16:00:00","Succeeded (3D)",-21.612150349183,-53.8918565720088,405,0,24.6,14.75,2.2,5,46,"4"
"832","2016-04-02 11:00:00","Succeeded (3D)",-21.4629376630972,-54.0882264896153,343,0,61.2,20.88,1.2,6,47,"5"
"833","2016-04-02 12:00:00","Succeeded (3D)",-21.462928807605,-54.08823630854,344,1.13,251,9.23,1.2,6,9,"5"
"834","2016-04-02 13:00:00","Succeeded (3D)",-21.4629369913423,-54.0881879315301,344,0.14,109,7.74,1,7,35,"5"
"835","2016-04-02 14:00:00","Succeeded (3D)",-21.4629458468312,-54.0881781126022,340,0.34,276.3,8.32,1,6,7,"5"
"836","2016-04-02 15:00:00","Succeeded (3D)",-21.4628738273384,-54.0881891873715,341,0,291.8,7.95,1.4,6,34,"5"
"837","2016-04-02 16:00:00","Succeeded (3D)",-21.462909921055,-54.0881884697484,331,0.02,321.3,8.11,1.8,5,42,"5"
"838","2016-04-02 17:00:00","Succeeded (3D)",-21.4630001553456,-54.0881866756841,328,1.23,249.6,8.47,2.2,5,8,"5"
"839","2016-04-02 18:00:00","Succeeded (3D)",-21.4629660768703,-54.0883030675921,380,0.03,258,7.88,1,8,33,"5"
"840","2016-04-02 19:00:00","Succeeded (3D)",-21.462909921055,-54.0881884697484,340,0.49,183.5,8,1.6,6,7,"5"
"841","2016-04-02 20:00:00","Succeeded (3D)",-21.4629373272208,-54.0882072105725,331,0.02,211.6,6.77,1,8,33,"5"
"842","2016-04-02 21:00:00","Succeeded (3D)",-21.4628913703759,-54.0881599100062,354,0.11,187.7,8.71,1.2,7,7,"5"
"843","2016-04-02 22:00:00","Succeeded (3D)",-21.4629378310345,-54.0882361291368,346,0,190.5,13.93,1,8,46,"5"
"844","2016-04-02 23:00:00","Succeeded (3D)",-21.462918272721,-54.0881497322636,359,0.47,334,9.19,1.2,6,5,"5"
"845","2016-04-03 00:00:00","Succeeded (3D)",-21.4629374951593,-54.0882168500938,339,0.08,92.1,7.57,1.6,6,9,"5"
"846","2016-04-03 01:00:00","Succeeded (3D)",-21.4629453430073,-54.0881491940379,350,0.05,109,7.59,1.2,7,34,"5"
"847","2016-04-03 02:00:00","Succeeded (3D)",-21.4630018347216,-54.0882830709412,299,0,301.6,24.5,1.6,6,47,"5"
"848","2016-04-03 03:00:00","Succeeded (3D)",-21.4630090108339,-54.0881768567514,329,0,172.3,7.56,1,7,34,"5"
"849","2016-04-03 04:00:00","Succeeded (3D)",-21.462820358514,-54.0882288218577,323,0.5,152.6,8.87,1.2,6,7,"5"
"850","2016-04-03 05:00:00","Succeeded (3D)",-21.4628180073473,-54.0880938686741,383,0,217.3,9.94,1.6,5,14,"5"
"851","2016-04-03 06:00:00","Succeeded (3D)",-21.4629371592818,-54.0881975710513,341,0,23.2,53.19,1.4,6,47,"5"
"852","2016-04-03 07:00:00","Succeeded (3D)",-21.4628835225206,-54.0882275660368,336,0.06,343.8,8.52,1.8,6,7,"5"
"853","2016-04-03 08:00:00","Succeeded (3D)",-21.4628922100745,-54.0882081075966,345,0.02,200.4,5.94,0.8,8,33,"5"
"854","2016-04-03 09:00:00","Succeeded (3D)",-21.4629196162383,-54.0882268484228,342,0.04,253.8,8.85,1,7,12,"5"
"855","2016-04-03 10:00:00","Succeeded (3D)",-21.4628068005962,-54.0879687344387,330,0.28,239.8,9.85,1.6,5,31,"5"
"856","2016-04-03 11:00:00","Succeeded (3D)",-21.4629371592818,-54.0881975710513,331,0.11,78,6.7,1.2,6,42,"5"
"857","2016-04-03 12:00:00","Succeeded (3D)",-21.4629008976258,-54.0881886491544,353,0,54.1,11.37,0.8,8,46,"5"
"858","2016-04-03 13:00:00","Succeeded (3D)",-21.4629189444841,-54.0881882903424,339,0,341,10,0.8,8,36,"5"
"859","2016-04-03 14:00:00","Succeeded (3D)",-21.4629369913423,-54.0881879315301,346,1.17,118.8,7.53,0.8,8,8,"5"
"860","2016-04-03 15:00:00","Succeeded (3D)",-21.4628831866452,-54.0882082870012,344,0.01,42.9,9.15,1,8,36,"5"
"861","2016-04-03 16:00:00","Succeeded (3D)",-21.4629010655651,-54.0881982886731,354,0,52.7,16.41,1,8,46,"5"
"862","2016-04-03 17:00:00","Succeeded (3D)",-21.4629015693795,-54.08822720723,355,0.24,116,5.67,1.4,7,8,"5"
"863","2016-04-03 18:00:00","Succeeded (3D)",-21.4629466865266,-54.0882263102113,348,0.01,97.7,9.35,0.8,8,33,"5"
"864","2016-04-03 19:00:00","Succeeded (3D)",-21.4629283037916,-54.0882073899775,370,0.63,356.5,5.93,1.4,7,7,"5"
"865","2016-04-03 20:00:00","Succeeded (3D)",-21.4629361516362,-54.0881397339259,341,0.02,221.5,7.14,0.8,9,33,"5"
"866","2016-04-03 21:00:00","Succeeded (3D)",-21.4629187765441,-54.0881786508226,348,0.21,325.5,9.43,1.2,8,6,"5"
"867","2016-04-03 22:00:00","Succeeded (3D)",-21.4629637257483,-54.0881681142655,346,0,134.3,11,1,8,46,"5"
"868","2016-04-03 23:00:00","Succeeded (3D)",-21.4629187765441,-54.0881786508226,354,0.2,0.7,9.21,1.2,6,9,"5"
"869","2016-04-04 00:00:00","Succeeded (3D)",-21.4629104248713,-54.0882173883068,348,0.11,100.5,9.68,1.6,6,9,"5"
"870","2016-04-04 01:00:00","Succeeded (3D)",-21.4628920421359,-54.0881984680784,359,0.04,71,8.95,1.2,7,34,"5"
"871","2016-04-04 02:00:00","Succeeded (3D)",-21.4629371592818,-54.0881975710513,344,0,227.1,14.8,3.2,6,47,"5"
"872","2016-04-04 03:00:00","Succeeded (3D)",-21.4629541984936,-54.0881393751073,371,0.03,252.4,9.79,1.6,5,18,"5"
"873","2016-04-04 04:00:00","Succeeded (3D)",-21.4627401552531,-54.0882882735301,323,0,145.5,6.75,1.2,6,47,"5"
"874","2016-04-04 05:00:00","Succeeded (3D)",-21.462909921055,-54.0881884697484,347,0,147,9.88,0.8,8,46,"5"
"875","2016-04-04 06:00:00","Succeeded (3D)",-21.4629724132936,-54.0881486558113,330,0.34,312.9,8.72,1.2,7,8,"5"
"876","2016-04-04 07:00:00","Succeeded (3D)",-21.4629277999732,-54.0881784714159,349,0,76.6,10,1.6,6,20,"5"
"877","2016-04-04 08:00:00","Succeeded (3D)",-21.4629105928089,-54.0882270278265,345,0,41.5,32.83,0.8,7,47,"5"
"878","2016-04-04 09:00:00","Succeeded (3D)",-21.462900729686,-54.0881790096357,341,0,166.6,10.9,0.8,8,46,"5"
"879","2016-04-04 10:00:00","Succeeded (3D)",-21.4629102569331,-54.0882077487873,340,0.8,201.8,9.3,1,7,9,"5"
"880","2016-04-04 11:00:00","Succeeded (3D)",-21.4629742606259,-54.0882546905709,373,0.03,266.5,6.87,1,7,39,"5"
"881","2016-04-04 12:00:00","Succeeded (3D)",-21.4629097531151,-54.0881788302292,352,0.41,177.9,8.71,1.2,7,7,"5"
"882","2016-04-04 13:00:00","Succeeded (3D)",-21.4628838583937,-54.0882468450728,342,0,311.5,15.68,1.2,7,46,"5"
"883","2016-04-04 14:00:00","Succeeded (3D)",-21.4629819405471,-54.0881773949738,339,0.13,218.7,8.74,1.2,6,6,"5"
