"region","name","name.short","method","sex","age","adult","tstart","tend","days","median.long","median.lat","uere.calibtration","color","speed.est","speed.high","speed.low","tau.position.est","tau.position.high","tau.position.low","tau.velocity.est","tau.velocity.high","tau.velocity.low","area.low","area.est","area.high","x.df","y.df","cell.area","total.cells","forest","floodplain","pasture","crop","dirt","savannah","water","urban","plantation"
"Mata Atlantica","AF_01_JOANA","JOANA","VHF","FEMALE","ADULT","Yes",1997-07-10,2000-06-08 23:33:00,1064.98125,-52.35778234,-22.52888473,FALSE,"#ff8c00",NA,NA,NA,0.330814343479101,0.39247333379058,0.278842205136677,NA,NA,NA,6.9494752159188,7.97596456555284,9.07212874734015,216.77694220743,216.77694220743,100,6352,0.94647355163728,0,0,0,0,0,0,0,0
"Mata Atlantica","AF_02_PAULETE","PAULETE","VHF","FEMALE","ADULT","Yes",1998-02-17,2000-10-06 05:02:00,962.209722222222,-52.3529978,-22.52567297,FALSE,"#ff8c00",NA,NA,NA,0.100717842604784,0.125364130866929,0.0809169556619804,NA,NA,NA,5.77579859870792,6.64070402478585,7.5650722723098,211.480726004215,211.480726004215,100,5788,1,0,0,0,0,0,0,0,0
"Mata Atlantica","AF_05_CHUCHU","CHUCHU","VHF","FEMALE","SUB-ADULT","No",1998-08-04,2001-06-08 16:52:00,1039.70277777778,-52.36430426,-22.52831081,FALSE,"#ff8c00",NA,NA,NA,3.35486531329558,4.9671926856337,2.26589181911673,NA,NA,NA,15.3660290446775,20.9905272440723,27.4786240139272,45.9702047217387,45.9702047217387,100,10492,0.945005718642775,0,0,0,0,0,0,0,0
"Mata Atlantica","AF_12_PATRICIA","PATRICIA","VHF","FEMALE","JUVENILE","No",2000-08-08,2003-01-07 21:30:00,882.895833333333,-52.35106883,-22.548133835,FALSE,"#ff8c00",NA,NA,NA,0.327723471397586,0.476826285398252,0.225244867982017,NA,NA,NA,6.81998577468349,8.66522305884462,10.7280454180558,75.3675279752564,75.3675279752564,100,7672,0.94825338894682,0,0,0,0,0,0,0,0
"Mata Atlantica","AF_14_JAMESBOND","JAMESBOND","VHF","MALE","ADULT","Yes",2001-02-13,2003-06-24 01:30:00,861.0625,-52.17086849,-22.62189408,FALSE,"#ff8c00",NA,NA,NA,0.15322323024675,0.202074963148891,0.116181430501859,NA,NA,NA,1.63842882307552,1.96539117866837,2.32165775507558,126.976178269263,126.976178269263,100,1059,0.897072710103872,0,0,0,0,0,0,0,0
"Mata Atlantica","AF_15_GEORGETE","GEORGETE","VHF","FEMALE","ADULT","Yes",2001-02-13,2003-02-06 03:30:00,723.145833333333,-52.17245517,-22.61663555,FALSE,"#ff8c00",NA,NA,NA,0.0468202042795813,0.0638241352570014,0.0343464352467079,NA,NA,NA,0.969829821052718,1.1437329795709,1.33176557028308,153.265986113786,153.265986113786,100,904,0.81858407079646,0,0,0,0,0,0,0,0
"Mata Atlantica","AF_17_ESPERTA","ESPERTA","VHF","FEMALE","ADULT","Yes",2002-06-06,2004-03-02 18:28:00,635.769444444444,-52.36865723,-22.39991202,FALSE,"#ff8c00",15.1062466748424,17.9440620281582,12.2628719401879,0.305504147405347,0.8114065993322,0.115025911988739,0.285938455196535,0.794625571513993,0.102892233891244,3.26456695164817,4.74968171778339,6.50883615292124,32.759440189732,32.759440189732,100,4754,1,0,0,0,0,0,0,0,0
"Mata Atlantica","AF_20_CHICO","CHICO","VHF","MALE","ADULT","Yes",2003-06-30,2005-09-15 19:46:00,808.823611111111,-52.24621217,-22.59782759,FALSE,"#ff8c00",NA,NA,NA,0.864045145654183,1.11694569191881,0.668406726602809,NA,NA,NA,13.4489538978446,16.2791611003446,19.3756046622042,115.756154476443,115.756154476443,100,17905,1,0,0,0,0,0,0,0,0
"Mata Atlantica","AF_23_TONHA","TONHA","VHF","FEMALE","ADULT","Yes",2004-04-20,2006-12-05 05:00:00,959.208333333333,-52.21806685,-22.58463468,FALSE,"#ff8c00",NA,NA,NA,0.177939007265886,0.219491849242323,0.144252692826937,NA,NA,NA,2.0328488106439,2.32388598369173,2.6341098861528,229.365239348177,229.365239348177,100,2572,1,0,0,0,0,0,0,0,0
"Mata Atlantica","AF_24_TINA","TINA","VHF","FEMALE","ADULT","Yes",2004-05-26,2006-07-07 19:03:00,772.79375,-52.275738175,-22.5657209,FALSE,"#ff8c00",NA,NA,NA,0.127955399882055,0.158544937570114,0.103267783947603,NA,NA,NA,2.10766394738019,2.45229370615654,2.82263619274935,180.59310111377,180.59310111377,100,2713,1,0,0,0,0,0,0,0,0
"Mata Atlantica","AF_25_MAMA","MAMA","VHF","FEMALE","ADULT","Yes",2004-05-20,2005-10-19 04:32:00,517.188888888889,-52.25184155,-22.59890681,FALSE,"#ff8c00",NA,NA,NA,0.143428458224332,0.191349844766038,0.107508436464958,NA,NA,NA,1.58646232110352,1.93526476116213,2.31820950008233,107.301466883522,107.301466883522,100,2140,1,0,0,0,0,0,0,0,0
"Pantanal","PA_03_BANDAID","BANDAID","VHF","MALE","ADULT","Yes",2008-09-19,2010-05-22 10:07:00,610.421527777778,-55.7586706,-19.30515598,TRUE,"#4477AA",NA,NA,NA,0.184053356333372,0.374104231973469,0.090551335917477,NA,NA,NA,1.54846387367772,1.98100197495916,2.46600716029493,71.4510560238393,71.4510560238393,100,19708,0.607113862390907,0.392886137609093,0,0,0,0,0,0,0
"Pantanal","PA_05_KELLY","KELLY","VHF","FEMALE","ADULT","Yes",2009-05-10,2009-12-07 21:21:00,211.889583333333,-55.76286118,-19.31457168,TRUE,"#4477AA",8.3458567608433,10.9577589934663,5.73058848613781,NA,NA,NA,NA,NA,NA,1.23235333791778,1.65763410401388,2.14498409511286,50.5172268764495,50.5172268764495,100,16488,0.708272683163513,0.291727316836487,0,0,0,0,0,0,0
"Pantanal","PA_08_BENJAMIN","BENJAMIN","VHF","MALE","ADULT","Yes",2009-09-23,2017-10-22 01:45:00,2951.07291666667,-55.75920478,-19.31140069,TRUE,"#4477AA",11.3910943397748,13.4404644824138,9.33777489816548,NA,NA,NA,NA,NA,NA,2.8082851644545,3.27425860509928,3.77547386241542,175.924735248727,175.924735248727,100,32568,0.629851387865389,0.370148612134611,0,0,0,0,0,0,0
"Pantanal","PA_09_SONIAMADALENA","SONIAMADALENA","VHF/GPS TS","FEMALE","ADULT","Yes",2009-09-24,2009-11-07 04:08:00,44.1722222222222,-55.822564185,-19.281608025,TRUE,"#4477AA",1.66834024169669,1.81058344868234,1.52593823782454,12.7581844942874,26.847057088651,0,1.87804567258715,2.5356784383887,1.39097114796804,4.3007540739647,19.4078744923006,45.6799313912462,3.21069115257995,3.21069115257995,100,193099,0.505978798440178,0.494021201559822,0,0,0,0,0,0,0
"Pantanal","PA_10_VIVEK","VIVEK","VHF","MALE","ADULT","Yes",2009-10-03,2016-06-21 12:51:00,2453.53541666667,-55.754477295,-19.32158516,TRUE,"#4477AA",NA,NA,NA,0.538673607454859,1.0675086637331,0.271819110445159,NA,NA,NA,1.66022711954496,2.08052336480618,2.54752780747501,84.3058049182898,84.3058049182898,100,20700,0.622222222222222,0.377777777777778,0,0,0,0,0,0,0
"Pantanal","PA_11_LUIS","LUIS","VHF","MALE","ADULT","Yes",2010-05-16,2011-10-08 07:00:00,510.291666666667,-55.74920126,-19.30452433,TRUE,"#4477AA",8.99786503610628,13.2765428161136,4.73975259477821,NA,NA,NA,NA,NA,NA,1.62597507398621,2.20110483210822,2.86197972110264,48.5548962372044,48.5548962372044,100,21906,0.692139139961654,0.307860860038346,0,0,0,0,0,0,0
"Pantanal","PA_12_FELIPPE","FELIPPE","VHF","MALE","ADULT","Yes",2010-05-16,2012-12-04 07:10:00,933.298611111111,-55.75507812,-19.31686874,TRUE,"#4477AA",NA,NA,NA,1.04561937549834,9.39372775100728,0.116388286673552,NA,NA,NA,1.41785257288035,2.90617545832212,4.91957771432886,10.4095439525292,10.4095439525292,100,28907,0.523333448645657,0.476666551354343,0,0,0,0,0,0,0
"Pantanal","PA_13_RITA","RITA","VHF/GPS TS","FEMALE","ADULT","Yes",2012-05-23,2012-07-11 17:45:00,49.7395833333333,-55.75895325,-19.315273935,TRUE,"#4477AA",14.1958641187126,15.2800606199688,13.1105723663393,0.316535016512319,0.414188260754082,0.241905496056401,0.441756037461701,0.584994471076272,0.333590155604087,4.90134346912976,5.94039058916041,7.07783536722551,114.289462315065,114.289462315065,100,59081,0.568896938101928,0.431103061898072,0,0,0,0,0,0,0
"Pantanal","PA_15_MORENA","MORENA","VHF/GPS TS","FEMALE","SUB-ADULT","No",2011-05-22,2012-02-11 15:50:00,265.659722222222,-55.75025183,-19.31441972,TRUE,"#4477AA",8.5896400319314,8.76299201550889,8.41624003823881,0.374686520595105,0.41559230930757,0.337806993949368,0.564318548926778,0.610157679972843,0.52192316038208,3.65858227623035,3.98266489498105,4.32030414893537,556.436752344977,556.436752344977,100,39623,0.751407011079424,0.248592988920576,0,0,0,0,0,0,0
"Pantanal","PA_16_DORA","DORA","VHF","FEMALE","ADULT","Yes",2011-08-13,2014-01-28 04:23:00,899.182638888889,-55.7544309,-19.30104086,TRUE,"#4477AA",NA,NA,NA,0.170970369616824,0.389379860141221,0.0750703112285054,NA,NA,NA,4.58036060334102,5.54576203777917,6.60210748035511,115.442530396877,115.442530396877,100,55136,0.562554410911201,0.437445589088799,0,0,0,0,0,0,0
"Pantanal","PA_18_NIC","NIC","VHF","MALE","SUB-ADULT","No",2011-08-17,2013-04-27 20:05:00,619.836805555556,-55.75339348,-19.31610972,TRUE,"#4477AA",NA,NA,NA,1.77338906603108,3.70597261929279,0.848605508617794,NA,NA,NA,1.29169068515948,1.80255768092403,2.39722377817025,40.6747371890107,40.6747371890107,100,17933,0.595773155634863,0.404226844365137,0,0,0,0,0,0,0
"Pantanal","PA_19_SERGIAO","SERGIAO","GPS+VHF","MALE","ADULT","Yes",2013-10-20,2015-05-11 10:00:00,568.416666666667,-55.77011352,-19.29156689,TRUE,"#4477AA",13.9735554364388,14.1760191061142,13.7710514595234,0.429650183267215,0.458825025371022,0.402330452294485,0.388440164427108,0.40806630441781,0.369757952829328,7.62705014259205,8.0810660716373,8.54802266688937,1182.8664748239,1182.8664748239,100,80369,0.474200251340691,0.523211686097874,0.00258806256143538,0,0,0,0,0,0
"Pantanal","PA_20_SY","SY","VHF/GPS TEL","FEMALE","ADULT","Yes",2014-07-15,2014-09-11 22:00:00,58.9166666666667,-55.838246235,-19.294199155,TRUE,"#4477AA",9.80173990488123,10.133055671186,9.47027119054591,0.421759291359036,0.527757338795766,0.337050547233628,0.533544165187553,0.607842900125484,0.468327220975873,4.86114147920222,5.86055933316309,6.95201862266458,120.544085123855,120.544085123855,100,58331,0.582246146988737,0.417753853011263,0,0,0,0,0,0,0
"Pantanal","PA_21_CAIO","CAIO","VHF","MALE","SUB-ADULT","No",2011-09-03,2013-12-14 07:40:00,833.319444444444,-55.761450085,-19.31706144,TRUE,"#4477AA",NA,NA,NA,3.8426004898634,7.96288849702007,1.85429929481294,NA,NA,NA,4.73579786983218,6.9054481781123,9.47780765067087,32.4097155381385,32.4097155381385,100,68695,0.55347550767887,0.44652449232113,0,0,0,0,0,0,0
"Pantanal","PA_22_EMILIO","EMILIO","VHF","MALE","ADULT","Yes",2011-09-09,2012-05-22 19:00:00,256.791666666667,-55.83033076,-19.29620214,TRUE,"#4477AA",1.50977813719308,2.29181450521575,0.733875202054069,NA,NA,NA,NA,NA,NA,1.29143734402002,2.35531852441033,3.733572190853,14.1182527726469,14.1182527726469,100,23449,0.72651285769116,0.27348714230884,0,0,0,0,0,0,0
"Pantanal","PA_23_RICK","RICK","VHF","MALE","ADULT","Yes",2011-09-11,2014-10-21 15:47:00,1136.65763888889,-55.80113611,-19.27560682,TRUE,"#4477AA",25.9619513942626,38.5305230620577,13.4607909665024,0.105599119217109,0.168966794391797,0.0659962451176772,0.337835212608789,0.724608699115251,0,5.63670650422746,6.55447447402358,7.54044778328316,181.969096856961,181.969096856961,100,65185,0.511559407839227,0.468650763212396,0.0128096954820894,0,0,0,0,0,0
"Pantanal","PA_24_LESLIE","LESLIE","VHF","FEMALE","ADULT","Yes",2011-09-15,2014-07-10 16:48:00,1029.7,-55.80354644,-19.26060042,TRUE,"#4477AA",NA,NA,NA,1.04189397818071,1.91368118893207,0.567253870732262,NA,NA,NA,2.79412055653737,3.52498294305199,4.33947344145105,79.7740192089197,79.7740192089197,100,35056,0.33426517571885,0.656435417617526,0,0,0,0,0,0,0
"Pantanal","PA_26_SACHIN","SACHIN","VHF","MALE","ADULT","Yes",2011-11-14,2014-01-28 05:10:00,806.215277777778,-55.77081647,-19.30890162,TRUE,"#4477AA",11.9279060487661,14.9717264737396,8.87827531970153,NA,NA,NA,NA,NA,NA,4.32209167533453,5.26200991986927,6.29302319025028,109.350436664336,109.350436664336,100,52362,0.564817997784653,0.354245445170162,0.0809365570451854,0,0,0,0,0,0
"Pantanal","PA_28_DUDA","DUDA","GPS+VHF","FEMALE","ADULT","Yes",2012-11-15,2014-08-20 14:00:00,643.583333333333,-55.772009925,-19.3115757,TRUE,"#4477AA",10.1888098899976,10.3156461124987,10.0619519650855,0.285388770964464,0.302253755582235,0.269464809248492,0.487559366608997,0.511411716895512,0.46481949496815,4.00042028771036,4.188173680386,4.38017222571309,1868.80835370988,1868.80835370988,100,42441,0.599750241511746,0.320916095285219,0.0793336632030348,0,0,0,0,0,0
"Pantanal","PA_29_KARIN","KARIN","VHF","FEMALE","SUB-ADULT","No",2012-07-23,2014-07-02 18:24:00,709.766666666667,-55.81495073,-19.30567644,TRUE,"#4477AA",NA,NA,NA,0.274928084459604,2.05353275989596,0.0368075217015073,NA,NA,NA,0.647575314878747,1.04216629847453,1.52912167112012,21.3004731584151,21.3004731584151,100,10364,0.978965650328059,0.0210343496719413,0,0,0,0,0,0,0
"Pantanal","PA_30_NELSAO","NELSAO","VHF","MALE","ADULT","Yes",2012-05-20,2017-12-11 07:25:00,2031.30902777778,-55.75445977,-19.29992819,TRUE,"#4477AA",7.5880541643163,10.1720984439581,5.00205578141352,NA,NA,NA,NA,NA,NA,2.53439916595382,3.13119730309324,3.79014785262249,95.3616492067145,95.3616492067145,100,31141,0.518769467904049,0.481230532095951,0,0,0,0,0,0,0
"Pantanal","PA_31_JORDANO","JORDANO","VHF","MALE","ADULT","Yes",2012-09-20,2017-10-30 17:35:00,1866.73263888889,-55.814163055,-19.28183076,TRUE,"#4477AA",19.4212475809394,30.6015110881657,8.38875844927344,0.337465159567304,0.735473098491888,0.154842827229583,0.334142391723113,0.784541250466028,0,6.87782640741255,8.47482620851194,10.2360515467265,97.6830619455279,97.6830619455279,100,84316,0.533327007922577,0.466672992077423,0,0,0,0,0,0,0
"Pantanal","PA_33_GABRIELA","GABRIELA","GPS+VHF","FEMALE","SUB-ADULT","No",2014-07-06,2014-08-15 18:00:00,40.75,-55.80846866,-19.29842914,TRUE,"#4477AA",9.71029710738327,10.3388311142555,9.08121879982036,0.559075779118707,0.766276746464226,0.407901881714979,0.380675206884484,0.48124585397602,0.301121790326667,5.05214447396714,6.54485218854719,8.22782196195616,65.0901269347301,65.0901269347301,100,65108,0.705059286109234,0.294940713890766,0,0,0,0,0,0,0
"Pantanal","PA_34_CARIJO","CARIJO","GPS+VHF","MALE","SUB-ADULT","No",2012-11-21,2014-07-06 15:00:00,592.625,-55.8049667,-19.25880453,TRUE,"#4477AA",13.5765867906874,13.7446677127129,13.4084772667107,0.394159222150541,0.420653609538019,0.369333553507229,0.499031317422697,0.523175734255246,0.47600115881356,10.6401426007436,11.2393771699845,11.8547959135443,1315.46125470898,1315.46125470898,100,111740,0.410381242169322,0.563513513513514,0.00933416860569179,0,0,0,0,0,0
"Pantanal","PA_36_MICHELE","MICHELE","GPS+VHF","FEMALE","SUB-ADULT","No",2014-07-03,2014-08-31 20:00:00,59.8333333333333,-55.767027035,-19.307043435,TRUE,"#4477AA",7.69490645520311,8.14483091198875,7.24462817580073,0.787549107475552,1.05169683366,0.589745615689524,0.343893663632483,0.419079841204773,0.282196470120321,3.38608240229158,4.34296885400518,5.41712389425714,70.0820918425496,70.0820918425496,100,43196,0.592091860357441,0.363228076673766,0.0446800629687934,0,0,0,0,0,0
"Pantanal","PA_38_CASSANDRA","CASSANDRA","VHF","FEMALE","ADULT","Yes",2013-07-21,2014-09-19 02:16:00,425.094444444444,-55.81070268,-19.30059858,TRUE,"#4477AA",NA,NA,NA,0.412576326533081,0.953234731514106,0.178570104076209,NA,NA,NA,3.89326425479867,5.06735041914402,6.39380283275816,62.9278567963656,62.9278567963656,100,50416,0.881823230720406,0.118176769279594,0,0,0,0,0,0,0
"Pantanal","PA_40_MALU","MALU","GPS+VHF","FEMALE","ADULT","Yes",2013-10-22,2015-05-17 22:00:00,572.916666666667,-55.79910578,-19.27578472,TRUE,"#4477AA",12.8792315719371,13.0764059159321,12.6820157573934,0.558929910616596,0.600743773043797,0.520026438890945,0.361664826651912,0.380692759215285,0.343587955564945,7.6903443123314,8.20350320135269,8.73300105630551,951.02524417673,951.02524417673,100,82370,0.468216583707661,0.50253733155275,0.0113997814738376,0,0,0,0,0,0
"Pantanal","PA_47_MORENINHO","MORENINHO","GPS","MALE","SUB-ADULT","No",2014-12-08,2016-01-04 22:00:00,392.916666666667,-55.7534245,-19.323774,TRUE,"#4477AA",8.32572553580671,8.48442032667939,8.16698922315905,0.26140057490518,0.279837047939057,0.244178749968944,0.376703692310828,0.402955592363074,0.352162060758174,2.13272433268499,2.25253907849028,2.37558201598217,1321.72010111226,1321.72010111226,100,22405,0.643249274715465,0.356750725284535,0,0,0,0,0,0,0
"Pantanal","PA_48_TED","TED","GPS","MALE","SUB-ADULT","No",2015-11-16,2016-07-13 03:00:00,240.125,-55.75101883,-19.3119013,TRUE,"#4477AA",7.83137999504626,8.40605587209029,7.25614458389716,0.205565334044744,0.282958577859459,0.149340256374613,0.462955080829893,0.633093985969223,0.338539634898114,1.29753704244743,1.60671898059781,1.94844497634842,93.4507479308644,93.4507479308644,100,15996,0.630845211302826,0.369154788697174,0,0,0,0,0,0,0
"Pantanal","PA_49_WALLY","WALLY","GPS+VHF","MALE","ADULT","Yes",2015-05-12,2016-08-17 14:00:00,463.583333333333,-55.77579463,-19.2793056,TRUE,"#4477AA",15.8713554473403,16.0370041825713,15.7056829420612,0.235411568499391,0.251220029718909,0.220597882443337,0.640484948186175,0.670911215144052,0.611438532541103,10.1524536675302,10.6690582305261,11.1983024050165,1598.90600525666,1598.90600525666,100,109165,0.408345165575047,0.499500755736729,0.0903494709842898,0,0,0,0,0,0
"Pantanal","PA_51_MUCCI","MUCCI","GPS+VHF","MALE","ADULT","Yes",2015-07-02,2016-02-04 23:00:00,217.958333333333,-55.76285198,-19.32796,TRUE,"#4477AA",10.9542178578511,11.2636085578187,10.6447075440039,0.106229988902768,0.115842497180066,0.0974151180869409,0.392205236510368,0.438928526711225,0.350455571203638,1.51646237753798,1.59567041038487,1.6768664182663,1520.41389599445,1520.41389599445,100,15871,0.548736689559574,0.451263310440426,0,0,0,0,0,0,0
"Pantanal","PA_52_WIE","WIE","GPS+VHF","FEMALE","SUB-ADULT","No",2015-11-14,2017-03-22 12:00:00,494.5,-55.74403,-19.30343,TRUE,"#4477AA",17.1257876603066,18.1619247667181,16.0888088175167,0.302719893845582,0.349502638242718,0.262199262902959,0.335578295889266,0.410670944291967,0.274216606354019,9.11912081161392,10.1612555173446,11.2589599822501,346.312922315398,346.312922315398,100,101065,0.631365952604759,0.368634047395241,0,0,0,0,0,0,0
"Pantanal","PA_54_PAULONA","PAULONA","GPS+VHF","FEMALE","ADULT","Yes",2015-11-15,2017-08-25 11:00:00,649.458333333333,-55.83369,-19.282,TRUE,"#4477AA",11.3603956712323,11.5050009519597,11.2157650916615,0.366630774948705,0.389110422747337,0.345449819078145,0.440353043037478,0.461391268158186,0.420274105503629,5.19955783442601,5.46738006068852,5.74183335462695,1561.80178004783,1561.80178004783,100,54381,0.605266545300748,0.394733454699252,0,0,0,0,0,0,0
"Pantanal","PA_58_LIANA","LIANA","GPS+VHF","FEMALE","ADULT","Yes",2016-08-11,2017-08-29 09:00:00,383.375,-55.73743,-19.31623,TRUE,"#4477AA",13.3149123327695,13.7090963300655,12.9205686799513,0.155545511900612,0.166568197921747,0.14525225447771,0.313784755429965,0.347278006580178,0.283521763182865,2.23702050070017,2.3433273400969,2.45206723104551,1824.37720278857,1824.37720278857,100,23380,0.759880239520958,0.240119760479042,0,0,0,0,0,0,0
"Pantanal","PA_59_POPEYE","POPEYE","GPS+VHF","MALE","ADULT","Yes",2016-08-15,2017-04-13 12:00:00,241.5,-55.74403,-19.320715,TRUE,"#4477AA",13.5390201532363,14.0673396428907,13.0104198142319,0.224603427444182,0.24678449173803,0.204416003876065,0.316785134971565,0.361005242836345,0.277981618633848,4.86180031484363,5.21059765804203,5.57130668758895,828.565209836992,828.565209836992,100,51893,0.702888636232247,0.297111363767753,0,0,0,0,0,0,0
"Pantanal","PA_61_DOINHO","DOINHO","GPS","MALE","SUB-ADULT","No",2018-06-25,2018-12-17 01:00:00,175.041666666667,-55.75959,-19.30595,TRUE,"#4477AA",6.70901820177582,6.90321365395831,6.51474582709017,0.529369173054814,0.620194847369844,0.451844646193304,0.562703688308354,0.628296981749092,0.503958239548368,2.90357092121972,3.30223929097112,3.72618051694299,247.444570297935,247.444570297935,100,32847,0.619295521661035,0.380704478338965,0,0,0,0,0,0,0
"Pantanal","PA_62_PRETINHO","PRETINHO","GPS","MALE","SUB-ADULT","No",2018-08-24,2018-10-15 17:00:00,52.7083333333333,-55.81738,-19.30589,TRUE,"#4477AA",7.38603987206946,8.5641498230236,6.20579189568218,0.364916926112493,0.482505964178753,0.275984905575296,0.274564080075427,0.488732808599179,0.154246722833561,1.38547123448244,1.69288447293259,2.03063912490949,105.619686478905,105.619686478905,100,16830,0.943731431966726,0.0562685680332739,0,0,0,0,0,0,0
"Pantanal","PA_64_COLUMBUS","COLUMBUS","GPS","MALE","SUB-ADULT","No",2019-08-15,2019-08-26 20:00:00,11.8333333333333,-55.74894,-19.30714,TRUE,"#4477AA",7.55642679431162,8.82283414643724,6.28765849696491,0.202455700445408,0.391807252392616,0.104613455704408,0.447118732560168,1.08803716678559,0.183739275742597,1.061568290341,1.4959183116865,2.00359505097274,38.572509977609,38.572509977609,100,14887,0.735272385302613,0.264727614697387,0,0,0,0,0,0,0
"Pantanal","PA_65_VALENTINA","VALENTINA","GPS","FEMALE","SUB-ADULT","No",2018-09-01,2018-12-09 02:00:00,99.0833333333333,-55.76778,-19.29463,TRUE,"#4477AA",9.55001677312694,10.0213275195912,9.07839109286218,0.62862203789034,0.765599110196028,0.516152201927487,0.307819948041296,0.36269884568861,0.2612446153013,2.92672118190451,3.47387840673694,4.0672302674581,142.381399032604,142.381399032604,100,34566,0.605247931493375,0.394752068506625,0,0,0,0,0,0,0
"Pantanal","PA_67_CARMINHA","CARMINHA","GPS","FEMALE","SUB-ADULT","No",2018-10-22,2018-12-07 19:00:00,46.7916666666667,-55.75129,-19.32325,TRUE,"#4477AA",8.34571246456119,8.92540381848277,7.76548477136866,0.108540431023586,0.139444142056128,0.0844856226519995,0.470992598815557,0.655340346323307,0.338502015607005,1.09044034342725,1.23363960983808,1.38554500442174,268.347048537579,268.347048537579,100,12267,0.756338142985245,0.243661857014755,0,0,0,0,0,0,0
"Pantanal","PA_68_FAROFO","FAROFO","GPS","MALE","ADULT","Yes",2017-08-23,2018-08-28 19:00:00,370.791666666667,-55.768225,-19.28942,TRUE,"#4477AA",12.114570607574,12.3042350168998,11.9248654073596,0.203433740590656,0.218233794540705,0.189637388186397,0.496877534488923,0.529959342720446,0.465860801721961,4.14998421047241,4.36973750465469,4.59508034563388,1480.83874260074,1480.83874260074,100,44060,0.489763958238765,0.510236041761235,0,0,0,0,0,0,0
"Pantanal","PA_69_ANGELINA","ANGELINA","GPS","FEMALE","ADULT","Yes",2017-08-27,2018-02-17 21:00:00,174.875,-55.80435,-19.28268,TRUE,"#4477AA",10.9948453719515,11.378248309627,10.611259929755,0.387294020310475,0.437401701395984,0.342926553988087,0.354079153434798,0.397406166423731,0.31547584685293,3.60314249535069,3.98932960017669,4.39489371192662,389.926876801361,389.926876801361,100,39693,0.704582672007659,0.293502632706019,0.00191469528632253,0,0,0,0,0,0
"Pantanal","PA_71_SIDNEY","SIDNEY","GPS","FEMALE","ADULT","Yes",2017-10-28,2018-03-11 19:00:00,134.791666666667,-55.76288,-19.327455,TRUE,"#4477AA",10.8607211904524,11.3346382532801,10.3865231271466,0.204336381716996,0.231441722746364,0.180405487816693,0.354920789942278,0.413211818417636,0.304852769254371,2.0706289936561,2.26886918867223,2.47604188270639,481.084791991185,481.084791991185,100,22567,0.576594141888598,0.423405858111402,0,0,0,0,0,0,0
"Pantanal","PA_74_LAURO","LAURO","GPS","MALE","ADULT","Yes",2017-12-14,2018-06-27 21:00:00,195.875,-55.76546,-19.37377,TRUE,"#4477AA",10.7541332698115,11.0659942593513,10.4421485226111,0.310841898340621,0.351125271280296,0.27518009572962,0.411813937445071,0.457978485019534,0.37030280814781,3.2822536970084,3.61229655187717,3.95792351333578,439.01605635988,439.01605635988,100,35924,0.511886204208885,0.135898006903463,0.352215788887652,0,0,0,0,0,0
"Pantanal","PA_82_DONNA","DONNA","GPS","FEMALE","SUB-ADULT","No",2019-08-18,2019-10-19 16:00:00,62.6666666666667,-55.7614,-19.31374,TRUE,"#4477AA",5.82303985173268,6.26149983559176,5.38414268245243,0.192664606296969,0.238215421684023,0.155823876796704,0.402880076605974,0.544384864624066,0.29815736379468,0.847104416797288,0.96651492534086,1.09368415968111,235.904205178402,235.904205178402,100,9622,0.81147370609021,0.18852629390979,0,0,0,0,0,0,0
"Pantanal","PA_86_CUZINHO","CUZINHO","GPS","MALE","SUB-ADULT","No",2018-10-31,2019-10-15 11:00:00,349.458333333333,-55.76612,-19.29419,TRUE,"#4477AA",8.97068600111693,9.15081217822753,8.79051018883067,0.398235521543867,0.434022434920159,0.365399384592848,0.379815197546448,0.407358175659718,0.354134501053327,2.22320884157537,2.39002029540091,2.56278033687637,761.021241662059,761.021241662059,100,23755,0.523847611029257,0.476152388970743,0,0,0,0,0,0,0
"Cerrado","CE_03_LOU","LOU","GPS","MALE","ADULT","Yes",2016-03-10,2017-08-15 11:00:00,523.458333333333,-53.87687129,-21.5814432,TRUE,"#66CCEE",12.3030468854636,12.4542854035216,12.1517828129067,0.22498212863926,0.238442888061742,0.212281266254189,0.502480991351523,0.527390887145683,0.478747647757258,4.2994552947649,4.49689855136529,4.69871208057351,1949.12030567186,1949.12030567186,100,44808,0.452039814318872,0.120491876450634,0,0.143434208177111,0.195478485984646,0.0885556150687377,0,0,0
"Cerrado","CE_04_TITI","TITI","GPS","MALE","ADULT","Yes",2016-03-12,2016-10-06 23:00:00,208.958333333333,-53.88041792,-21.58785887,TRUE,"#66CCEE",15.6088872104418,15.9316512080062,15.2860316347822,0.589687199836537,0.670100528204747,0.518923622672936,0.450609137116969,0.485326146828714,0.418375551739975,10.5687904768046,11.8418766032126,13.1863132602425,314.32141033854,314.32141033854,100,118012,0.272845134393113,0.182718706572213,0,0.121835067620242,0.220647052842084,0.183108497440938,0.0188455411314104,0,0
"Cerrado","CE_08_COLOMBINA","COLOMBINA","VHF","FEMALE","ADULT","Yes",2016-04-05,2018-09-19 20:27:00,897.852083333333,-53.87614332,-21.57515668,TRUE,"#66CCEE",11.5893550954827,13.7441160100888,9.4303882778566,NA,NA,NA,NA,NA,NA,2.90746218282131,3.40702584935736,3.94561150048789,165.320554769709,165.320554769709,100,33955,0.491444558975114,0.177264025916654,0,0.101281107347961,0.19216610219408,0.0378442055661905,0,0,0
"Cerrado","CE_09_PANA","PANA","VHF","FEMALE","ADULT","Yes",2016-04-06,2018-11-17 09:58:00,955.415277777778,-53.87903884,-21.60442791,TRUE,"#66CCEE",NA,NA,NA,0.45679250651418,0.612699307432676,0.340557580980185,NA,NA,NA,4.22256658219638,5.00471165640987,5.85233157881839,144.723254468801,144.723254468801,100,49907,0.91231690945158,0.00969803835133348,0,0,0.000240447231851243,0.0567054721782515,0,0.0210391327869838,0
"Cerrado","CE_10_ELIS","ELIS","VHF","FEMALE","SUB-ADULT","No",2016-04-12,2017-02-12 15:30:00,306.645833333333,-53.94634456,-21.59157794,TRUE,"#66CCEE",NA,NA,NA,2.34018827242672,5.92946180028488,0.923605098550503,NA,NA,NA,16.9653979130368,28.3553320185633,42.6229011570219,18.5923242339186,18.5923242339186,100,282724,0.138810288479224,0.0305845984069269,0,0.41232085001627,0.129868705875695,0.288005263083431,0.00041029413845305,0,0
"Cerrado","CE_11_ZACA","ZACA","GPS","FEMALE","ADULT","Yes",2016-07-26,2016-12-03 04:00:00,130.166666666667,-53.87263019,-21.563812445,TRUE,"#66CCEE",7.47651615001796,7.7318577537787,7.221055466399,0.483098981419608,0.562266596685766,0.415078233749486,0.345483232116516,0.388318817393982,0.307372855311762,2.66282787675417,3.03337967475009,3.42771917284858,241.487641290935,241.487641290935,100,30230,0.229374793251737,0.488223618921601,0,0.0245782335428382,0.00830301025471386,0.187661263645385,0.0618590803837248,0,0
"Cerrado","CE_13_SULI","SULI","GPS","FEMALE","ADULT","Yes",2016-07-28,2016-11-02 09:00:00,97.375,-53.708329065,-21.63544451,TRUE,"#66CCEE",9.61691351229577,10.0159333316164,9.21766845341605,0.171212858014197,0.207260921532111,0.141434490075101,0.468163698102196,0.562074195330274,0.389943623175825,2.05841625322235,2.34401481348053,2.64789679173881,242.786340641556,242.786340641556,100,23356,0.613546840212365,0,0,0,0.00685048809727693,0.379602671690358,0,0,0
"Cerrado","CE_15_KURUKA","KURUKA","GPS","MALE","ADULT","Yes",2016-10-12,2016-12-26 03:00:00,75.125,-53.70908036,-21.632302005,TRUE,"#66CCEE",14.5527373008225,15.2530899428231,13.8519279411981,0.241489891616283,0.284760945121255,0.20479412205916,0.359391966475255,0.426488620416575,0.302851188481396,5.34388247954677,6.08318982663029,6.86969810635747,244.063452120092,244.063452120092,100,60601,0.432138083529975,0.00425735548918335,0,0,0.00929027573802413,0.554314285242818,0,0,0
"Cerrado","CE_17_ARNO","ARNO","GPS","MALE","ADULT","Yes",2016-10-19,2017-06-27 21:00:00,251.875,-53.7059222,-21.62158422,TRUE,"#66CCEE",15.2238484486095,15.7297819628418,14.7176852482852,0.218291640497653,0.236390966430562,0.201578093404655,0.277741509251361,0.308704684906457,0.249883949719126,3.59547380690065,3.82778727168015,4.06727042422473,1011.26917396301,1011.26917396301,100,38160,0.389281970649895,0,0,0,0,0.610718029350105,0,0,0
"Cerrado","CE_21_ZEMARIA","ZEMARIA","GPS","MALE","SUB-ADULT","No",2017-02-11,2018-04-04 03:00:00,417.125,-53.733736,-21.536079,TRUE,"#66CCEE",15.5758216164994,15.789620806258,15.3619820979212,1.18539633005181,1.33806952709489,1.05014308363414,0.506171382245555,0.530493535921755,0.482964354615934,22.1673917660445,24.8172481825616,27.614546386447,318.775597789277,318.775597789277,100,246933,0.293990677633204,0.135708876496864,0,0.0226620176323132,0.146566072578392,0.294521185908728,0.0138094138895976,0,0.0927417558609015
"Cerrado","CE_22_ZEFA","ZEFA","GPS","FEMALE","ADULT-OLD","Yes",2017-02-12,2017-05-10 01:00:00,87.0416666666667,-53.72046543,-21.647726915,TRUE,"#66CCEE",13.2629425028256,13.7832654809255,12.7423414726542,0.511067635847585,0.61877553672629,0.422108039035769,0.351420730587035,0.40306032197041,0.306397139968027,6.88487308741648,8.12745865313789,9.47160799379626,151.516321756686,151.516321756686,100,80975,0.490077184316147,0.0523371410929299,0,0,0,0.454918184624884,0.0026674899660389,0,0
"Cerrado","CE_23_CARABI","CARABI","GPS","FEMALE","ADULT","Yes",2017-02-23,2018-07-22 02:00:00,514.083333333333,-53.527507,-21.6872575,TRUE,"#66CCEE",11.0129088574551,11.1798202479671,10.8459627123955,0.544913975397655,0.588388998491593,0.504651244916025,0.398965267055151,0.420559199980549,0.378480091087651,6.22718930001523,6.6655128235078,7.11853246287323,859.102029332206,859.102029332206,100,66401,0.55953976596738,0.0169876959684342,0,0,0.16980165961356,0.253670878450626,0,0,0
"Cerrado","CE_25_SEGRE","SEGRE","GPS","FEMALE","ADULT","Yes",2017-04-22,2018-08-09 01:00:00,474.041666666667,-53.7215215,-21.6383725,TRUE,"#66CCEE",14.0833096862471,14.2688994777586,13.897686282468,0.2366963301596,0.251610263323481,0.222666404664876,0.45156293626759,0.475530007173317,0.42880382380641,5.27119173163348,5.53174028987839,5.79848560117763,1690.94401753541,1690.94401753541,100,55779,0.374782624285125,0.0418974883020492,0,0,0,0.583319887412826,0,0,0
"Cerrado","CE_27_DONALINA","DONALINA","GPS","FEMALE","ADULT","Yes",2017-04-29,2017-06-10 13:00:00,42.5416666666667,-53.741865555,-21.58107462,TRUE,"#66CCEE",4.86775998858248,5.71608123459056,4.01782668831762,2.10910945789352,4.31734993919895,1.03034101196839,0.170987085688609,0.297197894932719,0.0983741270405107,1.70232346498599,3.00122089230838,4.6623259373287,15.622144740723,15.622144740723,100,30556,0.370827333420605,0.471625867260113,0,0,0,0.0633263516167038,0.0942204477025789,0,0
"Cerrado","CE_28_ZIGGY","ZIGGY","GPS","FEMALE","ADULT","Yes",2017-05-02,2018-06-22 18:00:00,416.75,-53.7098485,-21.6403925,TRUE,"#66CCEE",11.5694164629778,11.797765692798,11.341005376393,0.196694115089188,0.209035305750125,0.185081533341387,0.348614551420293,0.3729795330031,0.325841218373133,2.50299530601177,2.62329872780278,2.74638621927412,1784.84397167049,1784.84397167049,100,26131,0.764188129042134,0.0050514714323983,0,0,0,0.230760399525468,0,0,0
"Cerrado","CE_31_ANNA","ANNA","GPS","FEMALE","ADULT","Yes",2017-06-24,2018-09-30 20:00:00,463.833333333333,-53.569747,-21.67587,TRUE,"#66CCEE",10.1530631035936,10.3101967331898,9.99589606557018,0.249409224975888,0.265316843310651,0.234455380694542,0.413176074546089,0.437342597465115,0.390344936822516,3.37934049306725,3.55139466019355,3.72766075223674,1597.16163174191,1597.16163174191,100,35369,0.394978653623229,0.0455766349062739,0,0,0,0.235856258305296,0,0,0.323588453165201
"Cerrado","CE_34_DONACIDA","DONACIDA","GPS","FEMALE","ADULT","Yes",2017-09-15,2018-10-10 13:00:00,390.541666666667,-53.507215,-21.69442,TRUE,"#66CCEE",15.2176608155689,15.3932661528376,15.0420276215217,0.729432313535562,0.805538197363746,0.660516784643028,0.561986653367087,0.587568496111918,0.537518605324578,27.1256952082544,29.6756362561376,32.3384852816732,497.808998300138,497.808998300138,100,295581,0.531451615631587,0.0145002554291379,0,0,0.0344710925262449,0.419577036413031,0,0,0
